07-05-2025 16:02:48.600 [34mINFO [0;39m - ======================= API OPERATION START -- INDEX: 0 =======================
07-05-2025 16:02:48.600 [34mINFO [0;39m - Function: GetAllUser -- next function: null -- next operator: 1 -- index: 0
07-05-2025 16:02:48.601 [34mINFO [0;39m - Http Method: GET
07-05-2025 16:02:48.601 [34mINFO [0;39m - URL: "http://localhost:8085/api/json/user/all"
07-05-2025 16:02:48.601 [34mINFO [0;39m - Header: {
  "Authorization" : [ "Basic YWRtaW46MTIzNA==" ]
}
07-05-2025 16:02:48.601 [34mINFO [0;39m - Body: 
07-05-2025 16:02:48.601 [34mINFO [0;39m - ============================================================================
07-05-2025 16:02:48.674 [34mINFO [0;39m - Response: [ {
  "id" : 1,
  "name" : "Felonious Gru",
  "role" : "manager",
  "department" : "software",
  "units" : [ "00E0C523FF77", "00E0C523F919", "00E0C523FF83", "00E0C523F2A9" ]
}, {
  "id" : 2,
  "name" : "Kevin",
  "role" : "minion",
  "department" : "construction",
  "units" : [ "00E0C523F4E4", "00E0C523F7F0", "00E0C523F4AC", "00E0C523F47D", "00E0C523F03B" ]
}, {
  "id" : 3,
  "name" : "Bob",
  "role" : "minion",
  "department" : "construction",
  "units" : [ "00E0C523EF8F", "00E0C523F35D", "00E0C523F964", "C81F66AEA00D", "C81F66AEEF27", "C81F66ADC745" ]
}, {
  "id" : 4,
  "name" : "Stuart",
  "role" : "minion",
  "department" : "construction",
  "units" : [ "00E0C523F3D7", "00E0C523FA94" ]
}, {
  "id" : 5,
  "name" : "Felonious Gru",
  "role" : "manager",
  "department" : "software",
  "units" : [ "00E0C523FF77", "00E0C523F919", "00E0C523FF83", "00E0C523F2A9" ]
}, {
  "id" : 6,
  "name" : "Kevin",
  "role" : "minion",
  "department" : "construction",
  "units" : [ "00E0C523F4E4", "00E0C523F7F0", "00E0C523F4AC", "00E0C523F47D", "00E0C523F03B" ]
}, {
  "id" : 7,
  "name" : "Bob",
  "role" : "minion",
  "department" : "construction",
  "units" : [ "00E0C523EF8F", "00E0C523F35D", "00E0C523F964", "C81F66AEA00D", "C81F66AEEF27", "C81F66ADC745" ]
}, {
  "id" : 8,
  "name" : "Stuart",
  "role" : "minion",
  "department" : "construction",
  "units" : [ "00E0C523F3D7", "00E0C523FA94" ]
}, {
  "id" : 9,
  "name" : "Bob",
  "role" : "minion",
  "department" : "construction",
  "units" : [ "00E0C523EF8F", "00E0C523F35D", "00E0C523F964", "C81F66AEA00D", "C81F66AEEF27", "C81F66ADC745" ]
}, {
  "id" : 10,
  "name" : "Stuart",
  "role" : "minion",
  "department" : "construction",
  "units" : [ "00E0C523F3D7", "00E0C523FA94" ]
} ]
07-05-2025 16:02:48.674 [34mINFO [0;39m - ======================= API OPERATION END -- INDEX: 0 =======================
07-05-2025 16:02:48.675 [34mINFO [0;39m - ======================= FOR START -- INDEX: 1 =======================
07-05-2025 16:02:48.675 [34mINFO [0;39m - LOOP_OPERATOR_RESULT: NOT_EMPTY -- index: 1
07-05-2025 16:02:48.675 [34mINFO [0;39m - Loop: {%#FFCFB5.(response).body.$.[*]%} -------- index: 0
07-05-2025 16:02:48.675 [34mINFO [0;39m - ======================= API OPERATION START -- INDEX: 1_0 =======================
07-05-2025 16:02:48.675 [34mINFO [0;39m - Function: AddUser -- next function: null -- next operator: 1_1 -- index: 1_0
07-05-2025 16:02:48.676 [34mINFO [0;39m - Http Method: POST
07-05-2025 16:02:48.676 [34mINFO [0;39m - URL: "http://localhost:8085/api/json/user"
07-05-2025 16:02:48.676 [34mINFO [0;39m - Header: {
  "Authorization" : [ "Basic YWRtaW46MTIzNA==" ],
  "Content-Type" : [ "application/x-www-form-urlencoded" ]
}
07-05-2025 16:02:48.677 [34mINFO [0;39m - Body: {
  "role" : [ "" ],
  "name" : [ "" ],
  "id" : [ "" ],
  "units" : [ null ],
  "department" : [ "" ]
}
07-05-2025 16:02:48.678 [34mINFO [0;39m - ============================================================================
07-05-2025 16:02:48.751 [34mINFO [0;39m - Response: 
07-05-2025 16:02:48.751 [34mINFO [0;39m - ======================= API OPERATION END -- INDEX: 1_0 =======================
07-05-2025 16:02:48.752 [34mINFO [0;39m - ======================= FOR START -- INDEX: 1_1 =======================
07-05-2025 16:02:48.752 [34mINFO [0;39m - LOOP_OPERATOR_RESULT: NOT_EMPTY -- index: 1_1
07-05-2025 16:02:48.752 [34mINFO [0;39m - Loop: {%#FFCFB5.(response).body.$.[*]%} -------- index: 0
07-05-2025 16:02:48.752 [34mINFO [0;39m - ======================= API OPERATION START -- INDEX: 1_1_0 =======================
07-05-2025 16:02:48.752 [34mINFO [0;39m - Function: AddUser -- next function: 1_1_0 -- next operator: null -- index: 1_1_0
07-05-2025 16:02:48.752 [34mINFO [0;39m - Http Method: POST
07-05-2025 16:02:48.752 [34mINFO [0;39m - URL: "http://localhost:8085/api/json/user"
07-05-2025 16:02:48.752 [34mINFO [0;39m - Header: {
  "Authorization" : [ "Basic YWRtaW46MTIzNA==" ],
  "Content-Type" : [ "application/x-www-form-urlencoded" ]
}
07-05-2025 16:02:48.752 [34mINFO [0;39m - Body: {
  "role" : [ "" ],
  "name" : [ "" ],
  "id" : [ "" ],
  "units" : [ null ],
  "department" : [ "" ]
}
07-05-2025 16:02:48.752 [34mINFO [0;39m - ============================================================================
07-05-2025 16:02:48.825 [34mINFO [0;39m - Response: 
07-05-2025 16:02:48.825 [34mINFO [0;39m - ======================= API OPERATION END -- INDEX: 1_1_0 =======================
07-05-2025 16:02:48.825 [34mINFO [0;39m - Loop: {%#FFCFB5.(response).body.$.[*]%} -------- index: 1
07-05-2025 16:02:48.825 [34mINFO [0;39m - ======================= API OPERATION START -- INDEX: 1_1_0 =======================
07-05-2025 16:02:48.825 [34mINFO [0;39m - Function: AddUser -- next function: 1_1_0 -- next operator: null -- index: 1_1_0
07-05-2025 16:02:48.825 [34mINFO [0;39m - Http Method: POST
07-05-2025 16:02:48.825 [34mINFO [0;39m - URL: "http://localhost:8085/api/json/user"
07-05-2025 16:02:48.827 [34mINFO [0;39m - Header: {
  "Authorization" : [ "Basic YWRtaW46MTIzNA==" ],
  "Content-Type" : [ "application/x-www-form-urlencoded" ]
}
07-05-2025 16:02:48.827 [34mINFO [0;39m - Body: {
  "role" : [ "" ],
  "name" : [ "" ],
  "id" : [ "" ],
  "units" : [ null ],
  "department" : [ "" ]
}
07-05-2025 16:02:48.827 [34mINFO [0;39m - ============================================================================
07-05-2025 16:02:48.897 [34mINFO [0;39m - Response: 
07-05-2025 16:02:48.897 [34mINFO [0;39m - ======================= API OPERATION END -- INDEX: 1_1_0 =======================
07-05-2025 16:02:48.897 [34mINFO [0;39m - Loop: {%#FFCFB5.(response).body.$.[*]%} -------- index: 2
07-05-2025 16:02:48.897 [34mINFO [0;39m - ======================= API OPERATION START -- INDEX: 1_1_0 =======================
07-05-2025 16:02:48.897 [34mINFO [0;39m - Function: AddUser -- next function: 1_1_0 -- next operator: null -- index: 1_1_0
07-05-2025 16:02:48.899 [34mINFO [0;39m - Http Method: POST
07-05-2025 16:02:48.899 [34mINFO [0;39m - URL: "http://localhost:8085/api/json/user"
07-05-2025 16:02:48.899 [34mINFO [0;39m - Header: {
  "Authorization" : [ "Basic YWRtaW46MTIzNA==" ],
  "Content-Type" : [ "application/x-www-form-urlencoded" ]
}
07-05-2025 16:02:48.899 [34mINFO [0;39m - Body: {
  "role" : [ "" ],
  "name" : [ "" ],
  "id" : [ "" ],
  "units" : [ null ],
  "department" : [ "" ]
}
07-05-2025 16:02:48.899 [34mINFO [0;39m - ============================================================================
07-05-2025 16:02:48.970 [34mINFO [0;39m - Response: 
07-05-2025 16:02:48.972 [34mINFO [0;39m - ======================= API OPERATION END -- INDEX: 1_1_0 =======================
07-05-2025 16:02:48.972 [34mINFO [0;39m - Loop: {%#FFCFB5.(response).body.$.[*]%} -------- index: 3
07-05-2025 16:02:48.972 [34mINFO [0;39m - ======================= API OPERATION START -- INDEX: 1_1_0 =======================
07-05-2025 16:02:48.972 [34mINFO [0;39m - Function: AddUser -- next function: 1_1_0 -- next operator: null -- index: 1_1_0
07-05-2025 16:02:48.972 [34mINFO [0;39m - Http Method: POST
07-05-2025 16:02:48.972 [34mINFO [0;39m - URL: "http://localhost:8085/api/json/user"
07-05-2025 16:02:48.973 [34mINFO [0;39m - Header: {
  "Authorization" : [ "Basic YWRtaW46MTIzNA==" ],
  "Content-Type" : [ "application/x-www-form-urlencoded" ]
}
07-05-2025 16:02:48.973 [34mINFO [0;39m - Body: {
  "role" : [ "" ],
  "name" : [ "" ],
  "id" : [ "" ],
  "units" : [ null ],
  "department" : [ "" ]
}
07-05-2025 16:02:48.973 [34mINFO [0;39m - ============================================================================
07-05-2025 16:02:49.048 [34mINFO [0;39m - Response: 
07-05-2025 16:02:49.048 [34mINFO [0;39m - ======================= API OPERATION END -- INDEX: 1_1_0 =======================
07-05-2025 16:02:49.048 [34mINFO [0;39m - Loop: {%#FFCFB5.(response).body.$.[*]%} -------- index: 4
07-05-2025 16:02:49.049 [34mINFO [0;39m - ======================= API OPERATION START -- INDEX: 1_1_0 =======================
07-05-2025 16:02:49.049 [34mINFO [0;39m - Function: AddUser -- next function: 1_1_0 -- next operator: null -- index: 1_1_0
07-05-2025 16:02:49.049 [34mINFO [0;39m - Http Method: POST
07-05-2025 16:02:49.049 [34mINFO [0;39m - URL: "http://localhost:8085/api/json/user"
07-05-2025 16:02:49.050 [34mINFO [0;39m - Header: {
  "Authorization" : [ "Basic YWRtaW46MTIzNA==" ],
  "Content-Type" : [ "application/x-www-form-urlencoded" ]
}
07-05-2025 16:02:49.050 [34mINFO [0;39m - Body: {
  "role" : [ "" ],
  "name" : [ "" ],
  "id" : [ "" ],
  "units" : [ null ],
  "department" : [ "" ]
}
07-05-2025 16:02:49.050 [34mINFO [0;39m - ============================================================================
07-05-2025 16:02:49.122 [34mINFO [0;39m - Response: 
07-05-2025 16:02:49.122 [34mINFO [0;39m - ======================= API OPERATION END -- INDEX: 1_1_0 =======================
07-05-2025 16:02:49.122 [34mINFO [0;39m - Loop: {%#FFCFB5.(response).body.$.[*]%} -------- index: 5
07-05-2025 16:02:49.122 [34mINFO [0;39m - ======================= API OPERATION START -- INDEX: 1_1_0 =======================
07-05-2025 16:02:49.122 [34mINFO [0;39m - Function: AddUser -- next function: 1_1_0 -- next operator: null -- index: 1_1_0
07-05-2025 16:02:49.122 [34mINFO [0;39m - Http Method: POST
07-05-2025 16:02:49.123 [34mINFO [0;39m - URL: "http://localhost:8085/api/json/user"
07-05-2025 16:02:49.123 [34mINFO [0;39m - Header: {
  "Authorization" : [ "Basic YWRtaW46MTIzNA==" ],
  "Content-Type" : [ "application/x-www-form-urlencoded" ]
}
07-05-2025 16:02:49.123 [34mINFO [0;39m - Body: {
  "role" : [ "" ],
  "name" : [ "" ],
  "id" : [ "" ],
  "units" : [ null ],
  "department" : [ "" ]
}
07-05-2025 16:02:49.123 [34mINFO [0;39m - ============================================================================
07-05-2025 16:02:49.197 [34mINFO [0;39m - Response: 
07-05-2025 16:02:49.197 [34mINFO [0;39m - ======================= API OPERATION END -- INDEX: 1_1_0 =======================
07-05-2025 16:02:49.197 [34mINFO [0;39m - Loop: {%#FFCFB5.(response).body.$.[*]%} -------- index: 6
07-05-2025 16:02:49.197 [34mINFO [0;39m - ======================= API OPERATION START -- INDEX: 1_1_0 =======================
07-05-2025 16:02:49.197 [34mINFO [0;39m - Function: AddUser -- next function: 1_1_0 -- next operator: null -- index: 1_1_0
07-05-2025 16:02:49.197 [34mINFO [0;39m - Http Method: POST
07-05-2025 16:02:49.199 [34mINFO [0;39m - URL: "http://localhost:8085/api/json/user"
07-05-2025 16:02:49.199 [34mINFO [0;39m - Header: {
  "Authorization" : [ "Basic YWRtaW46MTIzNA==" ],
  "Content-Type" : [ "application/x-www-form-urlencoded" ]
}
07-05-2025 16:02:49.199 [34mINFO [0;39m - Body: {
  "role" : [ "" ],
  "name" : [ "" ],
  "id" : [ "" ],
  "units" : [ null ],
  "department" : [ "" ]
}
07-05-2025 16:02:49.199 [34mINFO [0;39m - ============================================================================
07-05-2025 16:02:49.272 [34mINFO [0;39m - Response: 
07-05-2025 16:02:49.272 [34mINFO [0;39m - ======================= API OPERATION END -- INDEX: 1_1_0 =======================
07-05-2025 16:02:49.272 [34mINFO [0;39m - Loop: {%#FFCFB5.(response).body.$.[*]%} -------- index: 7
07-05-2025 16:02:49.272 [34mINFO [0;39m - ======================= API OPERATION START -- INDEX: 1_1_0 =======================
07-05-2025 16:02:49.272 [34mINFO [0;39m - Function: AddUser -- next function: 1_1_0 -- next operator: null -- index: 1_1_0
07-05-2025 16:02:49.272 [34mINFO [0;39m - Http Method: POST
07-05-2025 16:02:49.272 [34mINFO [0;39m - URL: "http://localhost:8085/api/json/user"
07-05-2025 16:02:49.272 [34mINFO [0;39m - Header: {
  "Authorization" : [ "Basic YWRtaW46MTIzNA==" ],
  "Content-Type" : [ "application/x-www-form-urlencoded" ]
}
07-05-2025 16:02:49.272 [34mINFO [0;39m - Body: {
  "role" : [ "" ],
  "name" : [ "" ],
  "id" : [ "" ],
  "units" : [ null ],
  "department" : [ "" ]
}
07-05-2025 16:02:49.272 [34mINFO [0;39m - ============================================================================
07-05-2025 16:02:49.357 [34mINFO [0;39m - Response: 
07-05-2025 16:02:49.357 [34mINFO [0;39m - ======================= API OPERATION END -- INDEX: 1_1_0 =======================
07-05-2025 16:02:49.357 [34mINFO [0;39m - Loop: {%#FFCFB5.(response).body.$.[*]%} -------- index: 8
07-05-2025 16:02:49.357 [34mINFO [0;39m - ======================= API OPERATION START -- INDEX: 1_1_0 =======================
07-05-2025 16:02:49.357 [34mINFO [0;39m - Function: AddUser -- next function: 1_1_0 -- next operator: null -- index: 1_1_0
07-05-2025 16:02:49.360 [34mINFO [0;39m - Http Method: POST
07-05-2025 16:02:49.361 [34mINFO [0;39m - URL: "http://localhost:8085/api/json/user"
07-05-2025 16:02:49.361 [34mINFO [0;39m - Header: {
  "Authorization" : [ "Basic YWRtaW46MTIzNA==" ],
  "Content-Type" : [ "application/x-www-form-urlencoded" ]
}
07-05-2025 16:02:49.362 [34mINFO [0;39m - Body: {
  "role" : [ "" ],
  "name" : [ "" ],
  "id" : [ "" ],
  "units" : [ null ],
  "department" : [ "" ]
}
07-05-2025 16:02:49.362 [34mINFO [0;39m - ============================================================================
07-05-2025 16:02:49.462 [34mINFO [0;39m - Response: 
07-05-2025 16:02:49.462 [34mINFO [0;39m - ======================= API OPERATION END -- INDEX: 1_1_0 =======================
07-05-2025 16:02:49.462 [34mINFO [0;39m - Loop: {%#FFCFB5.(response).body.$.[*]%} -------- index: 9
07-05-2025 16:02:49.462 [34mINFO [0;39m - ======================= API OPERATION START -- INDEX: 1_1_0 =======================
07-05-2025 16:02:49.462 [34mINFO [0;39m - Function: AddUser -- next function: null -- next operator: null -- index: 1_1_0
07-05-2025 16:02:49.462 [34mINFO [0;39m - Http Method: POST
07-05-2025 16:02:49.463 [34mINFO [0;39m - URL: "http://localhost:8085/api/json/user"
07-05-2025 16:02:49.463 [34mINFO [0;39m - Header: {
  "Authorization" : [ "Basic YWRtaW46MTIzNA==" ],
  "Content-Type" : [ "application/x-www-form-urlencoded" ]
}
07-05-2025 16:02:49.463 [34mINFO [0;39m - Body: {
  "role" : [ "" ],
  "name" : [ "" ],
  "id" : [ "" ],
  "units" : [ null ],
  "department" : [ "" ]
}
07-05-2025 16:02:49.463 [34mINFO [0;39m - ============================================================================
07-05-2025 16:02:49.541 [34mINFO [0;39m - Response: 
07-05-2025 16:02:49.541 [34mINFO [0;39m - ======================= API OPERATION END -- INDEX: 1_1_0 =======================
07-05-2025 16:02:49.541 [34mINFO [0;39m - ============================================================================
07-05-2025 16:02:49.541 [34mINFO [0;39m - Operator: -- next function: 1_0 -- next operator: null -- type: loop -- index: 1_1
07-05-2025 16:02:49.541 [34mINFO [0;39m - ======================= for {%#FFCFB5.(response).body.$.[*]%} END -- INDEX: 1_1 =======================
07-05-2025 16:02:49.541 [34mINFO [0;39m - Loop: {%#FFCFB5.(response).body.$.[*]%} -------- index: 1
07-05-2025 16:02:49.541 [34mINFO [0;39m - ======================= API OPERATION START -- INDEX: 1_0 =======================
07-05-2025 16:02:49.541 [34mINFO [0;39m - Function: AddUser -- next function: null -- next operator: 1_1 -- index: 1_0
07-05-2025 16:02:49.542 [34mINFO [0;39m - Http Method: POST
07-05-2025 16:02:49.543 [34mINFO [0;39m - URL: "http://localhost:8085/api/json/user"
07-05-2025 16:02:49.545 [34mINFO [0;39m - Header: {
  "Authorization" : [ "Basic YWRtaW46MTIzNA==" ],
  "Content-Type" : [ "application/x-www-form-urlencoded" ]
}
07-05-2025 16:02:49.547 [34mINFO [0;39m - Body: {
  "role" : [ "" ],
  "name" : [ "" ],
  "id" : [ "" ],
  "units" : [ null ],
  "department" : [ "" ]
}
07-05-2025 16:02:49.547 [34mINFO [0;39m - ============================================================================
07-05-2025 16:02:49.622 [34mINFO [0;39m - Response: 
07-05-2025 16:02:49.622 [34mINFO [0;39m - ======================= API OPERATION END -- INDEX: 1_0 =======================
07-05-2025 16:02:49.622 [34mINFO [0;39m - ======================= FOR START -- INDEX: 1_1 =======================
07-05-2025 16:02:49.622 [34mINFO [0;39m - LOOP_OPERATOR_RESULT: NOT_EMPTY -- index: 1_1
07-05-2025 16:02:49.622 [34mINFO [0;39m - Loop: {%#FFCFB5.(response).body.$.[*]%} -------- index: 0
07-05-2025 16:02:49.622 [34mINFO [0;39m - ======================= API OPERATION START -- INDEX: 1_1_0 =======================
07-05-2025 16:02:49.622 [34mINFO [0;39m - Function: AddUser -- next function: 1_1_0 -- next operator: null -- index: 1_1_0
07-05-2025 16:02:49.622 [34mINFO [0;39m - Http Method: POST
07-05-2025 16:02:49.623 [34mINFO [0;39m - URL: "http://localhost:8085/api/json/user"
07-05-2025 16:02:49.623 [34mINFO [0;39m - Header: {
  "Authorization" : [ "Basic YWRtaW46MTIzNA==" ],
  "Content-Type" : [ "application/x-www-form-urlencoded" ]
}
07-05-2025 16:02:49.623 [34mINFO [0;39m - Body: {
  "role" : [ "" ],
  "name" : [ "" ],
  "id" : [ "" ],
  "units" : [ null ],
  "department" : [ "" ]
}
07-05-2025 16:02:49.623 [34mINFO [0;39m - ============================================================================
07-05-2025 16:02:49.700 [34mINFO [0;39m - Response: 
07-05-2025 16:02:49.700 [34mINFO [0;39m - ======================= API OPERATION END -- INDEX: 1_1_0 =======================
07-05-2025 16:02:49.700 [34mINFO [0;39m - Loop: {%#FFCFB5.(response).body.$.[*]%} -------- index: 1
07-05-2025 16:02:49.700 [34mINFO [0;39m - ======================= API OPERATION START -- INDEX: 1_1_0 =======================
07-05-2025 16:02:49.700 [34mINFO [0;39m - Function: AddUser -- next function: 1_1_0 -- next operator: null -- index: 1_1_0
07-05-2025 16:02:49.701 [34mINFO [0;39m - Http Method: POST
07-05-2025 16:02:49.701 [34mINFO [0;39m - URL: "http://localhost:8085/api/json/user"
07-05-2025 16:02:49.701 [34mINFO [0;39m - Header: {
  "Authorization" : [ "Basic YWRtaW46MTIzNA==" ],
  "Content-Type" : [ "application/x-www-form-urlencoded" ]
}
07-05-2025 16:02:49.702 [34mINFO [0;39m - Body: {
  "role" : [ "" ],
  "name" : [ "" ],
  "id" : [ "" ],
  "units" : [ null ],
  "department" : [ "" ]
}
07-05-2025 16:02:49.702 [34mINFO [0;39m - ============================================================================
07-05-2025 16:02:49.783 [34mINFO [0;39m - Response: 
07-05-2025 16:02:49.784 [34mINFO [0;39m - ======================= API OPERATION END -- INDEX: 1_1_0 =======================
07-05-2025 16:02:49.784 [34mINFO [0;39m - Loop: {%#FFCFB5.(response).body.$.[*]%} -------- index: 2
07-05-2025 16:02:49.784 [34mINFO [0;39m - ======================= API OPERATION START -- INDEX: 1_1_0 =======================
07-05-2025 16:02:49.784 [34mINFO [0;39m - Function: AddUser -- next function: 1_1_0 -- next operator: null -- index: 1_1_0
07-05-2025 16:02:49.784 [34mINFO [0;39m - Http Method: POST
07-05-2025 16:02:49.785 [34mINFO [0;39m - URL: "http://localhost:8085/api/json/user"
07-05-2025 16:02:49.785 [34mINFO [0;39m - Header: {
  "Authorization" : [ "Basic YWRtaW46MTIzNA==" ],
  "Content-Type" : [ "application/x-www-form-urlencoded" ]
}
07-05-2025 16:02:49.785 [34mINFO [0;39m - Body: {
  "role" : [ "" ],
  "name" : [ "" ],
  "id" : [ "" ],
  "units" : [ null ],
  "department" : [ "" ]
}
07-05-2025 16:02:49.785 [34mINFO [0;39m - ============================================================================
07-05-2025 16:02:49.858 [34mINFO [0;39m - Response: 
07-05-2025 16:02:49.858 [34mINFO [0;39m - ======================= API OPERATION END -- INDEX: 1_1_0 =======================
07-05-2025 16:02:49.858 [34mINFO [0;39m - Loop: {%#FFCFB5.(response).body.$.[*]%} -------- index: 3
07-05-2025 16:02:49.858 [34mINFO [0;39m - ======================= API OPERATION START -- INDEX: 1_1_0 =======================
07-05-2025 16:02:49.858 [34mINFO [0;39m - Function: AddUser -- next function: 1_1_0 -- next operator: null -- index: 1_1_0
07-05-2025 16:02:49.859 [34mINFO [0;39m - Http Method: POST
07-05-2025 16:02:49.859 [34mINFO [0;39m - URL: "http://localhost:8085/api/json/user"
07-05-2025 16:02:49.859 [34mINFO [0;39m - Header: {
  "Authorization" : [ "Basic YWRtaW46MTIzNA==" ],
  "Content-Type" : [ "application/x-www-form-urlencoded" ]
}
07-05-2025 16:02:49.860 [34mINFO [0;39m - Body: {
  "role" : [ "" ],
  "name" : [ "" ],
  "id" : [ "" ],
  "units" : [ null ],
  "department" : [ "" ]
}
07-05-2025 16:02:49.860 [34mINFO [0;39m - ============================================================================
07-05-2025 16:02:49.932 [34mINFO [0;39m - Response: 
07-05-2025 16:02:49.932 [34mINFO [0;39m - ======================= API OPERATION END -- INDEX: 1_1_0 =======================
07-05-2025 16:02:49.932 [34mINFO [0;39m - Loop: {%#FFCFB5.(response).body.$.[*]%} -------- index: 4
07-05-2025 16:02:49.932 [34mINFO [0;39m - ======================= API OPERATION START -- INDEX: 1_1_0 =======================
07-05-2025 16:02:49.932 [34mINFO [0;39m - Function: AddUser -- next function: 1_1_0 -- next operator: null -- index: 1_1_0
07-05-2025 16:02:49.932 [34mINFO [0;39m - Http Method: POST
07-05-2025 16:02:49.933 [34mINFO [0;39m - URL: "http://localhost:8085/api/json/user"
07-05-2025 16:02:49.933 [34mINFO [0;39m - Header: {
  "Authorization" : [ "Basic YWRtaW46MTIzNA==" ],
  "Content-Type" : [ "application/x-www-form-urlencoded" ]
}
07-05-2025 16:02:49.934 [34mINFO [0;39m - Body: {
  "role" : [ "" ],
  "name" : [ "" ],
  "id" : [ "" ],
  "units" : [ null ],
  "department" : [ "" ]
}
07-05-2025 16:02:49.934 [34mINFO [0;39m - ============================================================================
07-05-2025 16:02:50.004 [34mINFO [0;39m - Response: 
07-05-2025 16:02:50.004 [34mINFO [0;39m - ======================= API OPERATION END -- INDEX: 1_1_0 =======================
07-05-2025 16:02:50.004 [34mINFO [0;39m - Loop: {%#FFCFB5.(response).body.$.[*]%} -------- index: 5
07-05-2025 16:02:50.004 [34mINFO [0;39m - ======================= API OPERATION START -- INDEX: 1_1_0 =======================
07-05-2025 16:02:50.004 [34mINFO [0;39m - Function: AddUser -- next function: 1_1_0 -- next operator: null -- index: 1_1_0
07-05-2025 16:02:50.006 [34mINFO [0;39m - Http Method: POST
07-05-2025 16:02:50.006 [34mINFO [0;39m - URL: "http://localhost:8085/api/json/user"
07-05-2025 16:02:50.006 [34mINFO [0;39m - Header: {
  "Authorization" : [ "Basic YWRtaW46MTIzNA==" ],
  "Content-Type" : [ "application/x-www-form-urlencoded" ]
}
07-05-2025 16:02:50.006 [34mINFO [0;39m - Body: {
  "role" : [ "" ],
  "name" : [ "" ],
  "id" : [ "" ],
  "units" : [ null ],
  "department" : [ "" ]
}
07-05-2025 16:02:50.006 [34mINFO [0;39m - ============================================================================
07-05-2025 16:02:50.076 [34mINFO [0;39m - Response: 
07-05-2025 16:02:50.076 [34mINFO [0;39m - ======================= API OPERATION END -- INDEX: 1_1_0 =======================
07-05-2025 16:02:50.076 [34mINFO [0;39m - Loop: {%#FFCFB5.(response).body.$.[*]%} -------- index: 6
07-05-2025 16:02:50.076 [34mINFO [0;39m - ======================= API OPERATION START -- INDEX: 1_1_0 =======================
07-05-2025 16:02:50.076 [34mINFO [0;39m - Function: AddUser -- next function: 1_1_0 -- next operator: null -- index: 1_1_0
07-05-2025 16:02:50.076 [34mINFO [0;39m - Http Method: POST
07-05-2025 16:02:50.077 [34mINFO [0;39m - URL: "http://localhost:8085/api/json/user"
07-05-2025 16:02:50.077 [34mINFO [0;39m - Header: {
  "Authorization" : [ "Basic YWRtaW46MTIzNA==" ],
  "Content-Type" : [ "application/x-www-form-urlencoded" ]
}
07-05-2025 16:02:50.077 [34mINFO [0;39m - Body: {
  "role" : [ "" ],
  "name" : [ "" ],
  "id" : [ "" ],
  "units" : [ null ],
  "department" : [ "" ]
}
07-05-2025 16:02:50.077 [34mINFO [0;39m - ============================================================================
07-05-2025 16:02:50.147 [34mINFO [0;39m - Response: 
07-05-2025 16:02:50.147 [34mINFO [0;39m - ======================= API OPERATION END -- INDEX: 1_1_0 =======================
07-05-2025 16:02:50.147 [34mINFO [0;39m - Loop: {%#FFCFB5.(response).body.$.[*]%} -------- index: 7
07-05-2025 16:02:50.147 [34mINFO [0;39m - ======================= API OPERATION START -- INDEX: 1_1_0 =======================
07-05-2025 16:02:50.147 [34mINFO [0;39m - Function: AddUser -- next function: 1_1_0 -- next operator: null -- index: 1_1_0
07-05-2025 16:02:50.148 [34mINFO [0;39m - Http Method: POST
07-05-2025 16:02:50.148 [34mINFO [0;39m - URL: "http://localhost:8085/api/json/user"
07-05-2025 16:02:50.148 [34mINFO [0;39m - Header: {
  "Authorization" : [ "Basic YWRtaW46MTIzNA==" ],
  "Content-Type" : [ "application/x-www-form-urlencoded" ]
}
07-05-2025 16:02:50.148 [34mINFO [0;39m - Body: {
  "role" : [ "" ],
  "name" : [ "" ],
  "id" : [ "" ],
  "units" : [ null ],
  "department" : [ "" ]
}
07-05-2025 16:02:50.148 [34mINFO [0;39m - ============================================================================
07-05-2025 16:02:50.218 [34mINFO [0;39m - Response: 
07-05-2025 16:02:50.218 [34mINFO [0;39m - ======================= API OPERATION END -- INDEX: 1_1_0 =======================
07-05-2025 16:02:50.218 [34mINFO [0;39m - Loop: {%#FFCFB5.(response).body.$.[*]%} -------- index: 8
07-05-2025 16:02:50.218 [34mINFO [0;39m - ======================= API OPERATION START -- INDEX: 1_1_0 =======================
07-05-2025 16:02:50.218 [34mINFO [0;39m - Function: AddUser -- next function: 1_1_0 -- next operator: null -- index: 1_1_0
07-05-2025 16:02:50.219 [34mINFO [0;39m - Http Method: POST
07-05-2025 16:02:50.220 [34mINFO [0;39m - URL: "http://localhost:8085/api/json/user"
07-05-2025 16:02:50.220 [34mINFO [0;39m - Header: {
  "Authorization" : [ "Basic YWRtaW46MTIzNA==" ],
  "Content-Type" : [ "application/x-www-form-urlencoded" ]
}
07-05-2025 16:02:50.220 [34mINFO [0;39m - Body: {
  "role" : [ "" ],
  "name" : [ "" ],
  "id" : [ "" ],
  "units" : [ null ],
  "department" : [ "" ]
}
07-05-2025 16:02:50.220 [34mINFO [0;39m - ============================================================================
07-05-2025 16:02:50.290 [34mINFO [0;39m - Response: 
07-05-2025 16:02:50.290 [34mINFO [0;39m - ======================= API OPERATION END -- INDEX: 1_1_0 =======================
07-05-2025 16:02:50.290 [34mINFO [0;39m - Loop: {%#FFCFB5.(response).body.$.[*]%} -------- index: 9
07-05-2025 16:02:50.290 [34mINFO [0;39m - ======================= API OPERATION START -- INDEX: 1_1_0 =======================
07-05-2025 16:02:50.290 [34mINFO [0;39m - Function: AddUser -- next function: null -- next operator: null -- index: 1_1_0
07-05-2025 16:02:50.290 [34mINFO [0;39m - Http Method: POST
07-05-2025 16:02:50.291 [34mINFO [0;39m - URL: "http://localhost:8085/api/json/user"
07-05-2025 16:02:50.291 [34mINFO [0;39m - Header: {
  "Authorization" : [ "Basic YWRtaW46MTIzNA==" ],
  "Content-Type" : [ "application/x-www-form-urlencoded" ]
}
07-05-2025 16:02:50.291 [34mINFO [0;39m - Body: {
  "role" : [ "" ],
  "name" : [ "" ],
  "id" : [ "" ],
  "units" : [ null ],
  "department" : [ "" ]
}
07-05-2025 16:02:50.291 [34mINFO [0;39m - ============================================================================
07-05-2025 16:02:50.360 [34mINFO [0;39m - Response: 
07-05-2025 16:02:50.360 [34mINFO [0;39m - ======================= API OPERATION END -- INDEX: 1_1_0 =======================
07-05-2025 16:02:50.360 [34mINFO [0;39m - ============================================================================
07-05-2025 16:02:50.360 [34mINFO [0;39m - Operator: -- next function: 1_0 -- next operator: null -- type: loop -- index: 1_1
07-05-2025 16:02:50.360 [34mINFO [0;39m - ======================= for {%#FFCFB5.(response).body.$.[*]%} END -- INDEX: 1_1 =======================
07-05-2025 16:02:50.360 [34mINFO [0;39m - Loop: {%#FFCFB5.(response).body.$.[*]%} -------- index: 2
07-05-2025 16:02:50.360 [34mINFO [0;39m - ======================= API OPERATION START -- INDEX: 1_0 =======================
07-05-2025 16:02:50.360 [34mINFO [0;39m - Function: AddUser -- next function: null -- next operator: 1_1 -- index: 1_0
07-05-2025 16:02:50.361 [34mINFO [0;39m - Http Method: POST
07-05-2025 16:02:50.362 [34mINFO [0;39m - URL: "http://localhost:8085/api/json/user"
07-05-2025 16:02:50.363 [34mINFO [0;39m - Header: {
  "Authorization" : [ "Basic YWRtaW46MTIzNA==" ],
  "Content-Type" : [ "application/x-www-form-urlencoded" ]
}
07-05-2025 16:02:50.363 [34mINFO [0;39m - Body: {
  "role" : [ "" ],
  "name" : [ "" ],
  "id" : [ "" ],
  "units" : [ null ],
  "department" : [ "" ]
}
07-05-2025 16:02:50.363 [34mINFO [0;39m - ============================================================================
07-05-2025 16:02:50.427 [34mINFO [0;39m - Response: 
07-05-2025 16:02:50.427 [34mINFO [0;39m - ======================= API OPERATION END -- INDEX: 1_0 =======================
07-05-2025 16:02:50.427 [34mINFO [0;39m - ======================= FOR START -- INDEX: 1_1 =======================
07-05-2025 16:02:50.427 [34mINFO [0;39m - LOOP_OPERATOR_RESULT: NOT_EMPTY -- index: 1_1
07-05-2025 16:02:50.427 [34mINFO [0;39m - Loop: {%#FFCFB5.(response).body.$.[*]%} -------- index: 0
07-05-2025 16:02:50.427 [34mINFO [0;39m - ======================= API OPERATION START -- INDEX: 1_1_0 =======================
07-05-2025 16:02:50.427 [34mINFO [0;39m - Function: AddUser -- next function: 1_1_0 -- next operator: null -- index: 1_1_0
07-05-2025 16:02:50.428 [34mINFO [0;39m - Http Method: POST
07-05-2025 16:02:50.428 [34mINFO [0;39m - URL: "http://localhost:8085/api/json/user"
07-05-2025 16:02:50.429 [34mINFO [0;39m - Header: {
  "Authorization" : [ "Basic YWRtaW46MTIzNA==" ],
  "Content-Type" : [ "application/x-www-form-urlencoded" ]
}
07-05-2025 16:02:50.429 [34mINFO [0;39m - Body: {
  "role" : [ "" ],
  "name" : [ "" ],
  "id" : [ "" ],
  "units" : [ null ],
  "department" : [ "" ]
}
07-05-2025 16:02:50.429 [34mINFO [0;39m - ============================================================================
07-05-2025 16:02:50.495 [34mINFO [0;39m - Response: 
07-05-2025 16:02:50.495 [34mINFO [0;39m - ======================= API OPERATION END -- INDEX: 1_1_0 =======================
07-05-2025 16:02:50.495 [34mINFO [0;39m - Loop: {%#FFCFB5.(response).body.$.[*]%} -------- index: 1
07-05-2025 16:02:50.495 [34mINFO [0;39m - ======================= API OPERATION START -- INDEX: 1_1_0 =======================
07-05-2025 16:02:50.495 [34mINFO [0;39m - Function: AddUser -- next function: 1_1_0 -- next operator: null -- index: 1_1_0
07-05-2025 16:02:50.496 [34mINFO [0;39m - Http Method: POST
07-05-2025 16:02:50.496 [34mINFO [0;39m - URL: "http://localhost:8085/api/json/user"
07-05-2025 16:02:50.497 [34mINFO [0;39m - Header: {
  "Authorization" : [ "Basic YWRtaW46MTIzNA==" ],
  "Content-Type" : [ "application/x-www-form-urlencoded" ]
}
07-05-2025 16:02:50.497 [34mINFO [0;39m - Body: {
  "role" : [ "" ],
  "name" : [ "" ],
  "id" : [ "" ],
  "units" : [ null ],
  "department" : [ "" ]
}
07-05-2025 16:02:50.497 [34mINFO [0;39m - ============================================================================
07-05-2025 16:02:50.560 [34mINFO [0;39m - Response: 
07-05-2025 16:02:50.560 [34mINFO [0;39m - ======================= API OPERATION END -- INDEX: 1_1_0 =======================
07-05-2025 16:02:50.560 [34mINFO [0;39m - Loop: {%#FFCFB5.(response).body.$.[*]%} -------- index: 2
07-05-2025 16:02:50.560 [34mINFO [0;39m - ======================= API OPERATION START -- INDEX: 1_1_0 =======================
07-05-2025 16:02:50.560 [34mINFO [0;39m - Function: AddUser -- next function: 1_1_0 -- next operator: null -- index: 1_1_0
07-05-2025 16:02:50.561 [34mINFO [0;39m - Http Method: POST
07-05-2025 16:02:50.561 [34mINFO [0;39m - URL: "http://localhost:8085/api/json/user"
07-05-2025 16:02:50.561 [34mINFO [0;39m - Header: {
  "Authorization" : [ "Basic YWRtaW46MTIzNA==" ],
  "Content-Type" : [ "application/x-www-form-urlencoded" ]
}
07-05-2025 16:02:50.562 [34mINFO [0;39m - Body: {
  "role" : [ "" ],
  "name" : [ "" ],
  "id" : [ "" ],
  "units" : [ null ],
  "department" : [ "" ]
}
07-05-2025 16:02:50.562 [34mINFO [0;39m - ============================================================================
07-05-2025 16:02:50.644 [34mINFO [0;39m - Response: 
07-05-2025 16:02:50.645 [34mINFO [0;39m - ======================= API OPERATION END -- INDEX: 1_1_0 =======================
07-05-2025 16:02:50.645 [34mINFO [0;39m - Loop: {%#FFCFB5.(response).body.$.[*]%} -------- index: 3
07-05-2025 16:02:50.645 [34mINFO [0;39m - ======================= API OPERATION START -- INDEX: 1_1_0 =======================
07-05-2025 16:02:50.645 [34mINFO [0;39m - Function: AddUser -- next function: 1_1_0 -- next operator: null -- index: 1_1_0
07-05-2025 16:02:50.649 [34mINFO [0;39m - Http Method: POST
07-05-2025 16:02:50.650 [34mINFO [0;39m - URL: "http://localhost:8085/api/json/user"
07-05-2025 16:02:50.652 [34mINFO [0;39m - Header: {
  "Authorization" : [ "Basic YWRtaW46MTIzNA==" ],
  "Content-Type" : [ "application/x-www-form-urlencoded" ]
}
07-05-2025 16:02:50.652 [34mINFO [0;39m - Body: {
  "role" : [ "" ],
  "name" : [ "" ],
  "id" : [ "" ],
  "units" : [ null ],
  "department" : [ "" ]
}
07-05-2025 16:02:50.652 [34mINFO [0;39m - ============================================================================
07-05-2025 16:02:50.766 [34mINFO [0;39m - Response: 
07-05-2025 16:02:50.766 [34mINFO [0;39m - ======================= API OPERATION END -- INDEX: 1_1_0 =======================
07-05-2025 16:02:50.766 [34mINFO [0;39m - Loop: {%#FFCFB5.(response).body.$.[*]%} -------- index: 4
07-05-2025 16:02:50.766 [34mINFO [0;39m - ======================= API OPERATION START -- INDEX: 1_1_0 =======================
07-05-2025 16:02:50.766 [34mINFO [0;39m - Function: AddUser -- next function: 1_1_0 -- next operator: null -- index: 1_1_0
07-05-2025 16:02:50.767 [34mINFO [0;39m - Http Method: POST
07-05-2025 16:02:50.768 [34mINFO [0;39m - URL: "http://localhost:8085/api/json/user"
07-05-2025 16:02:50.773 [34mINFO [0;39m - Header: {
  "Authorization" : [ "Basic YWRtaW46MTIzNA==" ],
  "Content-Type" : [ "application/x-www-form-urlencoded" ]
}
07-05-2025 16:02:50.774 [34mINFO [0;39m - Body: {
  "role" : [ "" ],
  "name" : [ "" ],
  "id" : [ "" ],
  "units" : [ null ],
  "department" : [ "" ]
}
07-05-2025 16:02:50.775 [34mINFO [0;39m - ============================================================================
07-05-2025 16:02:50.907 [34mINFO [0;39m - Response: 
07-05-2025 16:02:50.907 [34mINFO [0;39m - ======================= API OPERATION END -- INDEX: 1_1_0 =======================
07-05-2025 16:02:50.908 [34mINFO [0;39m - Loop: {%#FFCFB5.(response).body.$.[*]%} -------- index: 5
07-05-2025 16:02:50.908 [34mINFO [0;39m - ======================= API OPERATION START -- INDEX: 1_1_0 =======================
07-05-2025 16:02:50.908 [34mINFO [0;39m - Function: AddUser -- next function: 1_1_0 -- next operator: null -- index: 1_1_0
07-05-2025 16:02:50.924 [34mINFO [0;39m - Http Method: POST
07-05-2025 16:02:50.929 [34mINFO [0;39m - URL: "http://localhost:8085/api/json/user"
07-05-2025 16:02:50.935 [34mINFO [0;39m - Header: {
  "Authorization" : [ "Basic YWRtaW46MTIzNA==" ],
  "Content-Type" : [ "application/x-www-form-urlencoded" ]
}
07-05-2025 16:02:50.936 [34mINFO [0;39m - Body: {
  "role" : [ "" ],
  "name" : [ "" ],
  "id" : [ "" ],
  "units" : [ null ],
  "department" : [ "" ]
}
07-05-2025 16:02:50.936 [34mINFO [0;39m - ============================================================================
07-05-2025 16:02:51.085 [34mINFO [0;39m - Response: 
07-05-2025 16:02:51.086 [34mINFO [0;39m - ======================= API OPERATION END -- INDEX: 1_1_0 =======================
07-05-2025 16:02:51.086 [34mINFO [0;39m - Loop: {%#FFCFB5.(response).body.$.[*]%} -------- index: 6
07-05-2025 16:02:51.088 [34mINFO [0;39m - ======================= API OPERATION START -- INDEX: 1_1_0 =======================
07-05-2025 16:02:51.088 [34mINFO [0;39m - Function: AddUser -- next function: 1_1_0 -- next operator: null -- index: 1_1_0
07-05-2025 16:02:51.091 [34mINFO [0;39m - Http Method: POST
07-05-2025 16:02:51.091 [34mINFO [0;39m - URL: "http://localhost:8085/api/json/user"
07-05-2025 16:02:51.227 [34mINFO [0;39m - Header: {
  "Authorization" : [ "Basic YWRtaW46MTIzNA==" ],
  "Content-Type" : [ "application/x-www-form-urlencoded" ]
}
07-05-2025 16:02:51.244 [34mINFO [0;39m - Body: {
  "role" : [ "" ],
  "name" : [ "" ],
  "id" : [ "" ],
  "units" : [ null ],
  "department" : [ "" ]
}
07-05-2025 16:02:51.244 [34mINFO [0;39m - ============================================================================
07-05-2025 16:02:51.359 [34mINFO [0;39m - Response: 
07-05-2025 16:02:51.359 [34mINFO [0;39m - ======================= API OPERATION END -- INDEX: 1_1_0 =======================
07-05-2025 16:02:51.359 [34mINFO [0;39m - Loop: {%#FFCFB5.(response).body.$.[*]%} -------- index: 7
07-05-2025 16:02:51.359 [34mINFO [0;39m - ======================= API OPERATION START -- INDEX: 1_1_0 =======================
07-05-2025 16:02:51.359 [34mINFO [0;39m - Function: AddUser -- next function: 1_1_0 -- next operator: null -- index: 1_1_0
07-05-2025 16:02:51.361 [34mINFO [0;39m - Http Method: POST
07-05-2025 16:02:51.363 [34mINFO [0;39m - URL: "http://localhost:8085/api/json/user"
07-05-2025 16:02:51.364 [34mINFO [0;39m - Header: {
  "Authorization" : [ "Basic YWRtaW46MTIzNA==" ],
  "Content-Type" : [ "application/x-www-form-urlencoded" ]
}
07-05-2025 16:02:51.364 [34mINFO [0;39m - Body: {
  "role" : [ "" ],
  "name" : [ "" ],
  "id" : [ "" ],
  "units" : [ null ],
  "department" : [ "" ]
}
07-05-2025 16:02:51.364 [34mINFO [0;39m - ============================================================================
07-05-2025 16:02:51.462 [34mINFO [0;39m - Response: 
07-05-2025 16:02:51.462 [34mINFO [0;39m - ======================= API OPERATION END -- INDEX: 1_1_0 =======================
07-05-2025 16:02:51.462 [34mINFO [0;39m - Loop: {%#FFCFB5.(response).body.$.[*]%} -------- index: 8
07-05-2025 16:02:51.462 [34mINFO [0;39m - ======================= API OPERATION START -- INDEX: 1_1_0 =======================
07-05-2025 16:02:51.462 [34mINFO [0;39m - Function: AddUser -- next function: 1_1_0 -- next operator: null -- index: 1_1_0
07-05-2025 16:02:51.462 [34mINFO [0;39m - Http Method: POST
07-05-2025 16:02:51.463 [34mINFO [0;39m - URL: "http://localhost:8085/api/json/user"
07-05-2025 16:02:51.464 [34mINFO [0;39m - Header: {
  "Authorization" : [ "Basic YWRtaW46MTIzNA==" ],
  "Content-Type" : [ "application/x-www-form-urlencoded" ]
}
07-05-2025 16:02:51.464 [34mINFO [0;39m - Body: {
  "role" : [ "" ],
  "name" : [ "" ],
  "id" : [ "" ],
  "units" : [ null ],
  "department" : [ "" ]
}
07-05-2025 16:02:51.464 [34mINFO [0;39m - ============================================================================
07-05-2025 16:02:51.546 [34mINFO [0;39m - Response: 
07-05-2025 16:02:51.546 [34mINFO [0;39m - ======================= API OPERATION END -- INDEX: 1_1_0 =======================
07-05-2025 16:02:51.546 [34mINFO [0;39m - Loop: {%#FFCFB5.(response).body.$.[*]%} -------- index: 9
07-05-2025 16:02:51.546 [34mINFO [0;39m - ======================= API OPERATION START -- INDEX: 1_1_0 =======================
07-05-2025 16:02:51.546 [34mINFO [0;39m - Function: AddUser -- next function: null -- next operator: null -- index: 1_1_0
07-05-2025 16:02:51.547 [34mINFO [0;39m - Http Method: POST
07-05-2025 16:02:51.547 [34mINFO [0;39m - URL: "http://localhost:8085/api/json/user"
07-05-2025 16:02:51.547 [34mINFO [0;39m - Header: {
  "Authorization" : [ "Basic YWRtaW46MTIzNA==" ],
  "Content-Type" : [ "application/x-www-form-urlencoded" ]
}
07-05-2025 16:02:51.547 [34mINFO [0;39m - Body: {
  "role" : [ "" ],
  "name" : [ "" ],
  "id" : [ "" ],
  "units" : [ null ],
  "department" : [ "" ]
}
07-05-2025 16:02:51.547 [34mINFO [0;39m - ============================================================================
07-05-2025 16:02:51.625 [34mINFO [0;39m - Response: 
07-05-2025 16:02:51.625 [34mINFO [0;39m - ======================= API OPERATION END -- INDEX: 1_1_0 =======================
07-05-2025 16:02:51.625 [34mINFO [0;39m - ============================================================================
07-05-2025 16:02:51.625 [34mINFO [0;39m - Operator: -- next function: 1_0 -- next operator: null -- type: loop -- index: 1_1
07-05-2025 16:02:51.625 [34mINFO [0;39m - ======================= for {%#FFCFB5.(response).body.$.[*]%} END -- INDEX: 1_1 =======================
07-05-2025 16:02:51.625 [34mINFO [0;39m - Loop: {%#FFCFB5.(response).body.$.[*]%} -------- index: 3
07-05-2025 16:02:51.625 [34mINFO [0;39m - ======================= API OPERATION START -- INDEX: 1_0 =======================
07-05-2025 16:02:51.625 [34mINFO [0;39m - Function: AddUser -- next function: null -- next operator: 1_1 -- index: 1_0
07-05-2025 16:02:51.625 [34mINFO [0;39m - Http Method: POST
07-05-2025 16:02:51.625 [34mINFO [0;39m - URL: "http://localhost:8085/api/json/user"
07-05-2025 16:02:51.627 [34mINFO [0;39m - Header: {
  "Authorization" : [ "Basic YWRtaW46MTIzNA==" ],
  "Content-Type" : [ "application/x-www-form-urlencoded" ]
}
07-05-2025 16:02:51.627 [34mINFO [0;39m - Body: {
  "role" : [ "" ],
  "name" : [ "" ],
  "id" : [ "" ],
  "units" : [ null ],
  "department" : [ "" ]
}
07-05-2025 16:02:51.627 [34mINFO [0;39m - ============================================================================
07-05-2025 16:02:51.703 [34mINFO [0;39m - Response: 
07-05-2025 16:02:51.703 [34mINFO [0;39m - ======================= API OPERATION END -- INDEX: 1_0 =======================
07-05-2025 16:02:51.705 [34mINFO [0;39m - ======================= FOR START -- INDEX: 1_1 =======================
07-05-2025 16:02:51.705 [34mINFO [0;39m - LOOP_OPERATOR_RESULT: NOT_EMPTY -- index: 1_1
07-05-2025 16:02:51.705 [34mINFO [0;39m - Loop: {%#FFCFB5.(response).body.$.[*]%} -------- index: 0
07-05-2025 16:02:51.705 [34mINFO [0;39m - ======================= API OPERATION START -- INDEX: 1_1_0 =======================
07-05-2025 16:02:51.705 [34mINFO [0;39m - Function: AddUser -- next function: 1_1_0 -- next operator: null -- index: 1_1_0
07-05-2025 16:02:51.706 [34mINFO [0;39m - Http Method: POST
07-05-2025 16:02:51.706 [34mINFO [0;39m - URL: "http://localhost:8085/api/json/user"
07-05-2025 16:02:51.707 [34mINFO [0;39m - Header: {
  "Authorization" : [ "Basic YWRtaW46MTIzNA==" ],
  "Content-Type" : [ "application/x-www-form-urlencoded" ]
}
07-05-2025 16:02:51.707 [34mINFO [0;39m - Body: {
  "role" : [ "" ],
  "name" : [ "" ],
  "id" : [ "" ],
  "units" : [ null ],
  "department" : [ "" ]
}
07-05-2025 16:02:51.707 [34mINFO [0;39m - ============================================================================
07-05-2025 16:02:51.785 [34mINFO [0;39m - Response: 
07-05-2025 16:02:51.785 [34mINFO [0;39m - ======================= API OPERATION END -- INDEX: 1_1_0 =======================
07-05-2025 16:02:51.785 [34mINFO [0;39m - Loop: {%#FFCFB5.(response).body.$.[*]%} -------- index: 1
07-05-2025 16:02:51.785 [34mINFO [0;39m - ======================= API OPERATION START -- INDEX: 1_1_0 =======================
07-05-2025 16:02:51.785 [34mINFO [0;39m - Function: AddUser -- next function: 1_1_0 -- next operator: null -- index: 1_1_0
07-05-2025 16:02:51.786 [34mINFO [0;39m - Http Method: POST
07-05-2025 16:02:51.787 [34mINFO [0;39m - URL: "http://localhost:8085/api/json/user"
07-05-2025 16:02:51.788 [34mINFO [0;39m - Header: {
  "Authorization" : [ "Basic YWRtaW46MTIzNA==" ],
  "Content-Type" : [ "application/x-www-form-urlencoded" ]
}
07-05-2025 16:02:51.788 [34mINFO [0;39m - Body: {
  "role" : [ "" ],
  "name" : [ "" ],
  "id" : [ "" ],
  "units" : [ null ],
  "department" : [ "" ]
}
07-05-2025 16:02:51.788 [34mINFO [0;39m - ============================================================================
07-05-2025 16:02:51.872 [34mINFO [0;39m - Response: 
07-05-2025 16:02:51.872 [34mINFO [0;39m - ======================= API OPERATION END -- INDEX: 1_1_0 =======================
07-05-2025 16:02:51.872 [34mINFO [0;39m - Loop: {%#FFCFB5.(response).body.$.[*]%} -------- index: 2
07-05-2025 16:02:51.872 [34mINFO [0;39m - ======================= API OPERATION START -- INDEX: 1_1_0 =======================
07-05-2025 16:02:51.872 [34mINFO [0;39m - Function: AddUser -- next function: 1_1_0 -- next operator: null -- index: 1_1_0
07-05-2025 16:02:51.874 [34mINFO [0;39m - Http Method: POST
07-05-2025 16:02:51.875 [34mINFO [0;39m - URL: "http://localhost:8085/api/json/user"
07-05-2025 16:02:51.876 [34mINFO [0;39m - Header: {
  "Authorization" : [ "Basic YWRtaW46MTIzNA==" ],
  "Content-Type" : [ "application/x-www-form-urlencoded" ]
}
07-05-2025 16:02:51.876 [34mINFO [0;39m - Body: {
  "role" : [ "" ],
  "name" : [ "" ],
  "id" : [ "" ],
  "units" : [ null ],
  "department" : [ "" ]
}
07-05-2025 16:02:51.876 [34mINFO [0;39m - ============================================================================
07-05-2025 16:02:52.020 [34mINFO [0;39m - Response: 
07-05-2025 16:02:52.020 [34mINFO [0;39m - ======================= API OPERATION END -- INDEX: 1_1_0 =======================
07-05-2025 16:02:52.020 [34mINFO [0;39m - Loop: {%#FFCFB5.(response).body.$.[*]%} -------- index: 3
07-05-2025 16:02:52.020 [34mINFO [0;39m - ======================= API OPERATION START -- INDEX: 1_1_0 =======================
07-05-2025 16:02:52.020 [34mINFO [0;39m - Function: AddUser -- next function: 1_1_0 -- next operator: null -- index: 1_1_0
07-05-2025 16:02:52.021 [34mINFO [0;39m - Http Method: POST
07-05-2025 16:02:52.022 [34mINFO [0;39m - URL: "http://localhost:8085/api/json/user"
07-05-2025 16:02:52.023 [34mINFO [0;39m - Header: {
  "Authorization" : [ "Basic YWRtaW46MTIzNA==" ],
  "Content-Type" : [ "application/x-www-form-urlencoded" ]
}
07-05-2025 16:02:52.023 [34mINFO [0;39m - Body: {
  "role" : [ "" ],
  "name" : [ "" ],
  "id" : [ "" ],
  "units" : [ null ],
  "department" : [ "" ]
}
07-05-2025 16:02:52.023 [34mINFO [0;39m - ============================================================================
07-05-2025 16:02:52.230 [34mINFO [0;39m - Response: 
07-05-2025 16:02:52.230 [34mINFO [0;39m - ======================= API OPERATION END -- INDEX: 1_1_0 =======================
07-05-2025 16:02:52.230 [34mINFO [0;39m - Loop: {%#FFCFB5.(response).body.$.[*]%} -------- index: 4
07-05-2025 16:02:52.230 [34mINFO [0;39m - ======================= API OPERATION START -- INDEX: 1_1_0 =======================
07-05-2025 16:02:52.230 [34mINFO [0;39m - Function: AddUser -- next function: 1_1_0 -- next operator: null -- index: 1_1_0
07-05-2025 16:02:52.233 [34mINFO [0;39m - Http Method: POST
07-05-2025 16:02:52.233 [34mINFO [0;39m - URL: "http://localhost:8085/api/json/user"
07-05-2025 16:02:52.235 [34mINFO [0;39m - Header: {
  "Authorization" : [ "Basic YWRtaW46MTIzNA==" ],
  "Content-Type" : [ "application/x-www-form-urlencoded" ]
}
07-05-2025 16:02:52.237 [34mINFO [0;39m - Body: {
  "role" : [ "" ],
  "name" : [ "" ],
  "id" : [ "" ],
  "units" : [ null ],
  "department" : [ "" ]
}
07-05-2025 16:02:52.237 [34mINFO [0;39m - ============================================================================
07-05-2025 16:02:52.326 [34mINFO [0;39m - Response: 
07-05-2025 16:02:52.326 [34mINFO [0;39m - ======================= API OPERATION END -- INDEX: 1_1_0 =======================
07-05-2025 16:02:52.326 [34mINFO [0;39m - Loop: {%#FFCFB5.(response).body.$.[*]%} -------- index: 5
07-05-2025 16:02:52.326 [34mINFO [0;39m - ======================= API OPERATION START -- INDEX: 1_1_0 =======================
07-05-2025 16:02:52.326 [34mINFO [0;39m - Function: AddUser -- next function: 1_1_0 -- next operator: null -- index: 1_1_0
07-05-2025 16:02:52.326 [34mINFO [0;39m - Http Method: POST
07-05-2025 16:02:52.327 [34mINFO [0;39m - URL: "http://localhost:8085/api/json/user"
07-05-2025 16:02:52.328 [34mINFO [0;39m - Header: {
  "Authorization" : [ "Basic YWRtaW46MTIzNA==" ],
  "Content-Type" : [ "application/x-www-form-urlencoded" ]
}
07-05-2025 16:02:52.330 [34mINFO [0;39m - Body: {
  "role" : [ "" ],
  "name" : [ "" ],
  "id" : [ "" ],
  "units" : [ null ],
  "department" : [ "" ]
}
07-05-2025 16:02:52.330 [34mINFO [0;39m - ============================================================================
07-05-2025 16:02:52.446 [34mINFO [0;39m - Response: 
07-05-2025 16:02:52.446 [34mINFO [0;39m - ======================= API OPERATION END -- INDEX: 1_1_0 =======================
07-05-2025 16:02:52.446 [34mINFO [0;39m - Loop: {%#FFCFB5.(response).body.$.[*]%} -------- index: 6
07-05-2025 16:02:52.446 [34mINFO [0;39m - ======================= API OPERATION START -- INDEX: 1_1_0 =======================
07-05-2025 16:02:52.446 [34mINFO [0;39m - Function: AddUser -- next function: 1_1_0 -- next operator: null -- index: 1_1_0
07-05-2025 16:02:52.446 [34mINFO [0;39m - Http Method: POST
07-05-2025 16:02:52.447 [34mINFO [0;39m - URL: "http://localhost:8085/api/json/user"
07-05-2025 16:02:52.447 [34mINFO [0;39m - Header: {
  "Authorization" : [ "Basic YWRtaW46MTIzNA==" ],
  "Content-Type" : [ "application/x-www-form-urlencoded" ]
}
07-05-2025 16:02:52.450 [34mINFO [0;39m - Body: {
  "role" : [ "" ],
  "name" : [ "" ],
  "id" : [ "" ],
  "units" : [ null ],
  "department" : [ "" ]
}
07-05-2025 16:02:52.450 [34mINFO [0;39m - ============================================================================
07-05-2025 16:02:52.562 [34mINFO [0;39m - Response: 
07-05-2025 16:02:52.562 [34mINFO [0;39m - ======================= API OPERATION END -- INDEX: 1_1_0 =======================
07-05-2025 16:02:52.562 [34mINFO [0;39m - Loop: {%#FFCFB5.(response).body.$.[*]%} -------- index: 7
07-05-2025 16:02:52.562 [34mINFO [0;39m - ======================= API OPERATION START -- INDEX: 1_1_0 =======================
07-05-2025 16:02:52.562 [34mINFO [0;39m - Function: AddUser -- next function: 1_1_0 -- next operator: null -- index: 1_1_0
07-05-2025 16:02:52.562 [34mINFO [0;39m - Http Method: POST
07-05-2025 16:02:52.563 [34mINFO [0;39m - URL: "http://localhost:8085/api/json/user"
07-05-2025 16:02:52.563 [34mINFO [0;39m - Header: {
  "Authorization" : [ "Basic YWRtaW46MTIzNA==" ],
  "Content-Type" : [ "application/x-www-form-urlencoded" ]
}
07-05-2025 16:02:52.564 [34mINFO [0;39m - Body: {
  "role" : [ "" ],
  "name" : [ "" ],
  "id" : [ "" ],
  "units" : [ null ],
  "department" : [ "" ]
}
07-05-2025 16:02:52.564 [34mINFO [0;39m - ============================================================================
07-05-2025 16:02:52.665 [34mINFO [0;39m - Response: 
07-05-2025 16:02:52.665 [34mINFO [0;39m - ======================= API OPERATION END -- INDEX: 1_1_0 =======================
07-05-2025 16:02:52.665 [34mINFO [0;39m - Loop: {%#FFCFB5.(response).body.$.[*]%} -------- index: 8
07-05-2025 16:02:52.665 [34mINFO [0;39m - ======================= API OPERATION START -- INDEX: 1_1_0 =======================
07-05-2025 16:02:52.665 [34mINFO [0;39m - Function: AddUser -- next function: 1_1_0 -- next operator: null -- index: 1_1_0
07-05-2025 16:02:52.665 [34mINFO [0;39m - Http Method: POST
07-05-2025 16:02:52.666 [34mINFO [0;39m - URL: "http://localhost:8085/api/json/user"
07-05-2025 16:02:52.666 [34mINFO [0;39m - Header: {
  "Authorization" : [ "Basic YWRtaW46MTIzNA==" ],
  "Content-Type" : [ "application/x-www-form-urlencoded" ]
}
07-05-2025 16:02:52.667 [34mINFO [0;39m - Body: {
  "role" : [ "" ],
  "name" : [ "" ],
  "id" : [ "" ],
  "units" : [ null ],
  "department" : [ "" ]
}
07-05-2025 16:02:52.667 [34mINFO [0;39m - ============================================================================
07-05-2025 16:02:52.758 [34mINFO [0;39m - Response: 
07-05-2025 16:02:52.758 [34mINFO [0;39m - ======================= API OPERATION END -- INDEX: 1_1_0 =======================
07-05-2025 16:02:52.758 [34mINFO [0;39m - Loop: {%#FFCFB5.(response).body.$.[*]%} -------- index: 9
07-05-2025 16:02:52.758 [34mINFO [0;39m - ======================= API OPERATION START -- INDEX: 1_1_0 =======================
07-05-2025 16:02:52.758 [34mINFO [0;39m - Function: AddUser -- next function: null -- next operator: null -- index: 1_1_0
07-05-2025 16:02:52.758 [34mINFO [0;39m - Http Method: POST
07-05-2025 16:02:52.759 [34mINFO [0;39m - URL: "http://localhost:8085/api/json/user"
07-05-2025 16:02:52.759 [34mINFO [0;39m - Header: {
  "Authorization" : [ "Basic YWRtaW46MTIzNA==" ],
  "Content-Type" : [ "application/x-www-form-urlencoded" ]
}
07-05-2025 16:02:52.760 [34mINFO [0;39m - Body: {
  "role" : [ "" ],
  "name" : [ "" ],
  "id" : [ "" ],
  "units" : [ null ],
  "department" : [ "" ]
}
07-05-2025 16:02:52.760 [34mINFO [0;39m - ============================================================================
07-05-2025 16:02:52.846 [34mINFO [0;39m - Response: 
07-05-2025 16:02:52.846 [34mINFO [0;39m - ======================= API OPERATION END -- INDEX: 1_1_0 =======================
07-05-2025 16:02:52.846 [34mINFO [0;39m - ============================================================================
07-05-2025 16:02:52.846 [34mINFO [0;39m - Operator: -- next function: 1_0 -- next operator: null -- type: loop -- index: 1_1
07-05-2025 16:02:52.846 [34mINFO [0;39m - ======================= for {%#FFCFB5.(response).body.$.[*]%} END -- INDEX: 1_1 =======================
07-05-2025 16:02:52.846 [34mINFO [0;39m - Loop: {%#FFCFB5.(response).body.$.[*]%} -------- index: 4
07-05-2025 16:02:52.846 [34mINFO [0;39m - ======================= API OPERATION START -- INDEX: 1_0 =======================
07-05-2025 16:02:52.846 [34mINFO [0;39m - Function: AddUser -- next function: null -- next operator: 1_1 -- index: 1_0
07-05-2025 16:02:52.847 [34mINFO [0;39m - Http Method: POST
07-05-2025 16:02:52.847 [34mINFO [0;39m - URL: "http://localhost:8085/api/json/user"
07-05-2025 16:02:52.849 [34mINFO [0;39m - Header: {
  "Authorization" : [ "Basic YWRtaW46MTIzNA==" ],
  "Content-Type" : [ "application/x-www-form-urlencoded" ]
}
07-05-2025 16:02:52.850 [34mINFO [0;39m - Body: {
  "role" : [ "" ],
  "name" : [ "" ],
  "id" : [ "" ],
  "units" : [ null ],
  "department" : [ "" ]
}
07-05-2025 16:02:52.850 [34mINFO [0;39m - ============================================================================
07-05-2025 16:02:52.943 [34mINFO [0;39m - Response: 
07-05-2025 16:02:52.943 [34mINFO [0;39m - ======================= API OPERATION END -- INDEX: 1_0 =======================
07-05-2025 16:02:52.945 [34mINFO [0;39m - ======================= FOR START -- INDEX: 1_1 =======================
07-05-2025 16:02:52.945 [34mINFO [0;39m - LOOP_OPERATOR_RESULT: NOT_EMPTY -- index: 1_1
07-05-2025 16:02:52.945 [34mINFO [0;39m - Loop: {%#FFCFB5.(response).body.$.[*]%} -------- index: 0
07-05-2025 16:02:52.945 [34mINFO [0;39m - ======================= API OPERATION START -- INDEX: 1_1_0 =======================
07-05-2025 16:02:52.945 [34mINFO [0;39m - Function: AddUser -- next function: 1_1_0 -- next operator: null -- index: 1_1_0
07-05-2025 16:02:52.946 [34mINFO [0;39m - Http Method: POST
07-05-2025 16:02:52.947 [34mINFO [0;39m - URL: "http://localhost:8085/api/json/user"
07-05-2025 16:02:52.948 [34mINFO [0;39m - Header: {
  "Authorization" : [ "Basic YWRtaW46MTIzNA==" ],
  "Content-Type" : [ "application/x-www-form-urlencoded" ]
}
07-05-2025 16:02:52.949 [34mINFO [0;39m - Body: {
  "role" : [ "" ],
  "name" : [ "" ],
  "id" : [ "" ],
  "units" : [ null ],
  "department" : [ "" ]
}
07-05-2025 16:02:52.949 [34mINFO [0;39m - ============================================================================
07-05-2025 16:02:53.117 [34mINFO [0;39m - Response: 
07-05-2025 16:02:53.117 [34mINFO [0;39m - ======================= API OPERATION END -- INDEX: 1_1_0 =======================
07-05-2025 16:02:53.117 [34mINFO [0;39m - Loop: {%#FFCFB5.(response).body.$.[*]%} -------- index: 1
07-05-2025 16:02:53.117 [34mINFO [0;39m - ======================= API OPERATION START -- INDEX: 1_1_0 =======================
07-05-2025 16:02:53.117 [34mINFO [0;39m - Function: AddUser -- next function: 1_1_0 -- next operator: null -- index: 1_1_0
07-05-2025 16:02:53.121 [34mINFO [0;39m - Http Method: POST
07-05-2025 16:02:53.121 [34mINFO [0;39m - URL: "http://localhost:8085/api/json/user"
07-05-2025 16:02:53.122 [34mINFO [0;39m - Header: {
  "Authorization" : [ "Basic YWRtaW46MTIzNA==" ],
  "Content-Type" : [ "application/x-www-form-urlencoded" ]
}
07-05-2025 16:02:53.122 [34mINFO [0;39m - Body: {
  "role" : [ "" ],
  "name" : [ "" ],
  "id" : [ "" ],
  "units" : [ null ],
  "department" : [ "" ]
}
07-05-2025 16:02:53.122 [34mINFO [0;39m - ============================================================================
07-05-2025 16:02:53.244 [34mINFO [0;39m - Response: 
07-05-2025 16:02:53.244 [34mINFO [0;39m - ======================= API OPERATION END -- INDEX: 1_1_0 =======================
07-05-2025 16:02:53.244 [34mINFO [0;39m - Loop: {%#FFCFB5.(response).body.$.[*]%} -------- index: 2
07-05-2025 16:02:53.244 [34mINFO [0;39m - ======================= API OPERATION START -- INDEX: 1_1_0 =======================
07-05-2025 16:02:53.244 [34mINFO [0;39m - Function: AddUser -- next function: 1_1_0 -- next operator: null -- index: 1_1_0
07-05-2025 16:02:53.245 [34mINFO [0;39m - Http Method: POST
07-05-2025 16:02:53.245 [34mINFO [0;39m - URL: "http://localhost:8085/api/json/user"
07-05-2025 16:02:53.246 [34mINFO [0;39m - Header: {
  "Authorization" : [ "Basic YWRtaW46MTIzNA==" ],
  "Content-Type" : [ "application/x-www-form-urlencoded" ]
}
07-05-2025 16:02:53.247 [34mINFO [0;39m - Body: {
  "role" : [ "" ],
  "name" : [ "" ],
  "id" : [ "" ],
  "units" : [ null ],
  "department" : [ "" ]
}
07-05-2025 16:02:53.247 [34mINFO [0;39m - ============================================================================
07-05-2025 16:02:53.346 [34mINFO [0;39m - Response: 
07-05-2025 16:02:53.346 [34mINFO [0;39m - ======================= API OPERATION END -- INDEX: 1_1_0 =======================
07-05-2025 16:02:53.346 [34mINFO [0;39m - Loop: {%#FFCFB5.(response).body.$.[*]%} -------- index: 3
07-05-2025 16:02:53.346 [34mINFO [0;39m - ======================= API OPERATION START -- INDEX: 1_1_0 =======================
07-05-2025 16:02:53.346 [34mINFO [0;39m - Function: AddUser -- next function: 1_1_0 -- next operator: null -- index: 1_1_0
07-05-2025 16:02:53.346 [34mINFO [0;39m - Http Method: POST
07-05-2025 16:02:53.347 [34mINFO [0;39m - URL: "http://localhost:8085/api/json/user"
07-05-2025 16:02:53.348 [34mINFO [0;39m - Header: {
  "Authorization" : [ "Basic YWRtaW46MTIzNA==" ],
  "Content-Type" : [ "application/x-www-form-urlencoded" ]
}
07-05-2025 16:02:53.348 [34mINFO [0;39m - Body: {
  "role" : [ "" ],
  "name" : [ "" ],
  "id" : [ "" ],
  "units" : [ null ],
  "department" : [ "" ]
}
07-05-2025 16:02:53.348 [34mINFO [0;39m - ============================================================================
07-05-2025 16:02:53.518 [34mINFO [0;39m - Response: 
07-05-2025 16:02:53.518 [34mINFO [0;39m - ======================= API OPERATION END -- INDEX: 1_1_0 =======================
07-05-2025 16:02:53.518 [34mINFO [0;39m - Loop: {%#FFCFB5.(response).body.$.[*]%} -------- index: 4
07-05-2025 16:02:53.518 [34mINFO [0;39m - ======================= API OPERATION START -- INDEX: 1_1_0 =======================
07-05-2025 16:02:53.518 [34mINFO [0;39m - Function: AddUser -- next function: 1_1_0 -- next operator: null -- index: 1_1_0
07-05-2025 16:02:53.520 [34mINFO [0;39m - Http Method: POST
07-05-2025 16:02:53.520 [34mINFO [0;39m - URL: "http://localhost:8085/api/json/user"
07-05-2025 16:02:53.520 [34mINFO [0;39m - Header: {
  "Authorization" : [ "Basic YWRtaW46MTIzNA==" ],
  "Content-Type" : [ "application/x-www-form-urlencoded" ]
}
07-05-2025 16:02:53.520 [34mINFO [0;39m - Body: {
  "role" : [ "" ],
  "name" : [ "" ],
  "id" : [ "" ],
  "units" : [ null ],
  "department" : [ "" ]
}
07-05-2025 16:02:53.521 [34mINFO [0;39m - ============================================================================
07-05-2025 16:02:53.620 [34mINFO [0;39m - Response: 
07-05-2025 16:02:53.620 [34mINFO [0;39m - ======================= API OPERATION END -- INDEX: 1_1_0 =======================
07-05-2025 16:02:53.620 [34mINFO [0;39m - Loop: {%#FFCFB5.(response).body.$.[*]%} -------- index: 5
07-05-2025 16:02:53.620 [34mINFO [0;39m - ======================= API OPERATION START -- INDEX: 1_1_0 =======================
07-05-2025 16:02:53.620 [34mINFO [0;39m - Function: AddUser -- next function: 1_1_0 -- next operator: null -- index: 1_1_0
07-05-2025 16:02:53.621 [34mINFO [0;39m - Http Method: POST
07-05-2025 16:02:53.621 [34mINFO [0;39m - URL: "http://localhost:8085/api/json/user"
07-05-2025 16:02:53.623 [34mINFO [0;39m - Header: {
  "Authorization" : [ "Basic YWRtaW46MTIzNA==" ],
  "Content-Type" : [ "application/x-www-form-urlencoded" ]
}
07-05-2025 16:02:53.623 [34mINFO [0;39m - Body: {
  "role" : [ "" ],
  "name" : [ "" ],
  "id" : [ "" ],
  "units" : [ null ],
  "department" : [ "" ]
}
07-05-2025 16:02:53.623 [34mINFO [0;39m - ============================================================================
07-05-2025 16:02:53.713 [34mINFO [0;39m - Response: 
07-05-2025 16:02:53.713 [34mINFO [0;39m - ======================= API OPERATION END -- INDEX: 1_1_0 =======================
07-05-2025 16:02:53.713 [34mINFO [0;39m - Loop: {%#FFCFB5.(response).body.$.[*]%} -------- index: 6
07-05-2025 16:02:53.713 [34mINFO [0;39m - ======================= API OPERATION START -- INDEX: 1_1_0 =======================
07-05-2025 16:02:53.713 [34mINFO [0;39m - Function: AddUser -- next function: 1_1_0 -- next operator: null -- index: 1_1_0
07-05-2025 16:02:53.713 [34mINFO [0;39m - Http Method: POST
07-05-2025 16:02:53.713 [34mINFO [0;39m - URL: "http://localhost:8085/api/json/user"
07-05-2025 16:02:53.716 [34mINFO [0;39m - Header: {
  "Authorization" : [ "Basic YWRtaW46MTIzNA==" ],
  "Content-Type" : [ "application/x-www-form-urlencoded" ]
}
07-05-2025 16:02:53.716 [34mINFO [0;39m - Body: {
  "role" : [ "" ],
  "name" : [ "" ],
  "id" : [ "" ],
  "units" : [ null ],
  "department" : [ "" ]
}
07-05-2025 16:02:53.716 [34mINFO [0;39m - ============================================================================
07-05-2025 16:02:53.797 [34mINFO [0;39m - Response: 
07-05-2025 16:02:53.797 [34mINFO [0;39m - ======================= API OPERATION END -- INDEX: 1_1_0 =======================
07-05-2025 16:02:53.797 [34mINFO [0;39m - Loop: {%#FFCFB5.(response).body.$.[*]%} -------- index: 7
07-05-2025 16:02:53.797 [34mINFO [0;39m - ======================= API OPERATION START -- INDEX: 1_1_0 =======================
07-05-2025 16:02:53.797 [34mINFO [0;39m - Function: AddUser -- next function: 1_1_0 -- next operator: null -- index: 1_1_0
07-05-2025 16:02:53.797 [34mINFO [0;39m - Http Method: POST
07-05-2025 16:02:53.798 [34mINFO [0;39m - URL: "http://localhost:8085/api/json/user"
07-05-2025 16:02:53.799 [34mINFO [0;39m - Header: {
  "Authorization" : [ "Basic YWRtaW46MTIzNA==" ],
  "Content-Type" : [ "application/x-www-form-urlencoded" ]
}
07-05-2025 16:02:53.799 [34mINFO [0;39m - Body: {
  "role" : [ "" ],
  "name" : [ "" ],
  "id" : [ "" ],
  "units" : [ null ],
  "department" : [ "" ]
}
07-05-2025 16:02:53.799 [34mINFO [0;39m - ============================================================================
07-05-2025 16:02:53.888 [34mINFO [0;39m - Response: 
07-05-2025 16:02:53.888 [34mINFO [0;39m - ======================= API OPERATION END -- INDEX: 1_1_0 =======================
07-05-2025 16:02:53.888 [34mINFO [0;39m - Loop: {%#FFCFB5.(response).body.$.[*]%} -------- index: 8
07-05-2025 16:02:53.888 [34mINFO [0;39m - ======================= API OPERATION START -- INDEX: 1_1_0 =======================
07-05-2025 16:02:53.888 [34mINFO [0;39m - Function: AddUser -- next function: 1_1_0 -- next operator: null -- index: 1_1_0
07-05-2025 16:02:53.891 [34mINFO [0;39m - Http Method: POST
07-05-2025 16:02:53.893 [34mINFO [0;39m - URL: "http://localhost:8085/api/json/user"
07-05-2025 16:02:53.895 [34mINFO [0;39m - Header: {
  "Authorization" : [ "Basic YWRtaW46MTIzNA==" ],
  "Content-Type" : [ "application/x-www-form-urlencoded" ]
}
07-05-2025 16:02:53.895 [34mINFO [0;39m - Body: {
  "role" : [ "" ],
  "name" : [ "" ],
  "id" : [ "" ],
  "units" : [ null ],
  "department" : [ "" ]
}
07-05-2025 16:02:53.895 [34mINFO [0;39m - ============================================================================
07-05-2025 16:02:53.988 [34mINFO [0;39m - Response: 
07-05-2025 16:02:53.988 [34mINFO [0;39m - ======================= API OPERATION END -- INDEX: 1_1_0 =======================
07-05-2025 16:02:53.988 [34mINFO [0;39m - Loop: {%#FFCFB5.(response).body.$.[*]%} -------- index: 9
07-05-2025 16:02:53.988 [34mINFO [0;39m - ======================= API OPERATION START -- INDEX: 1_1_0 =======================
07-05-2025 16:02:53.988 [34mINFO [0;39m - Function: AddUser -- next function: null -- next operator: null -- index: 1_1_0
07-05-2025 16:02:53.989 [34mINFO [0;39m - Http Method: POST
07-05-2025 16:02:53.990 [34mINFO [0;39m - URL: "http://localhost:8085/api/json/user"
07-05-2025 16:02:53.994 [34mINFO [0;39m - Header: {
  "Authorization" : [ "Basic YWRtaW46MTIzNA==" ],
  "Content-Type" : [ "application/x-www-form-urlencoded" ]
}
07-05-2025 16:02:53.996 [34mINFO [0;39m - Body: {
  "role" : [ "" ],
  "name" : [ "" ],
  "id" : [ "" ],
  "units" : [ null ],
  "department" : [ "" ]
}
07-05-2025 16:02:53.996 [34mINFO [0;39m - ============================================================================
07-05-2025 16:02:54.180 [34mINFO [0;39m - Response: 
07-05-2025 16:02:54.181 [34mINFO [0;39m - ======================= API OPERATION END -- INDEX: 1_1_0 =======================
07-05-2025 16:02:54.181 [34mINFO [0;39m - ============================================================================
07-05-2025 16:02:54.181 [34mINFO [0;39m - Operator: -- next function: 1_0 -- next operator: null -- type: loop -- index: 1_1
07-05-2025 16:02:54.181 [34mINFO [0;39m - ======================= for {%#FFCFB5.(response).body.$.[*]%} END -- INDEX: 1_1 =======================
07-05-2025 16:02:54.181 [34mINFO [0;39m - Loop: {%#FFCFB5.(response).body.$.[*]%} -------- index: 5
07-05-2025 16:02:54.181 [34mINFO [0;39m - ======================= API OPERATION START -- INDEX: 1_0 =======================
07-05-2025 16:02:54.181 [34mINFO [0;39m - Function: AddUser -- next function: null -- next operator: 1_1 -- index: 1_0
07-05-2025 16:02:54.181 [34mINFO [0;39m - Http Method: POST
07-05-2025 16:02:54.181 [34mINFO [0;39m - URL: "http://localhost:8085/api/json/user"
07-05-2025 16:02:54.182 [34mINFO [0;39m - Header: {
  "Authorization" : [ "Basic YWRtaW46MTIzNA==" ],
  "Content-Type" : [ "application/x-www-form-urlencoded" ]
}
07-05-2025 16:02:54.182 [34mINFO [0;39m - Body: {
  "role" : [ "" ],
  "name" : [ "" ],
  "id" : [ "" ],
  "units" : [ null ],
  "department" : [ "" ]
}
07-05-2025 16:02:54.182 [34mINFO [0;39m - ============================================================================
07-05-2025 16:02:54.291 [34mINFO [0;39m - Response: 
07-05-2025 16:02:54.292 [34mINFO [0;39m - ======================= API OPERATION END -- INDEX: 1_0 =======================
07-05-2025 16:02:54.292 [34mINFO [0;39m - ======================= FOR START -- INDEX: 1_1 =======================
07-05-2025 16:02:54.292 [34mINFO [0;39m - LOOP_OPERATOR_RESULT: NOT_EMPTY -- index: 1_1
07-05-2025 16:02:54.292 [34mINFO [0;39m - Loop: {%#FFCFB5.(response).body.$.[*]%} -------- index: 0
07-05-2025 16:02:54.292 [34mINFO [0;39m - ======================= API OPERATION START -- INDEX: 1_1_0 =======================
07-05-2025 16:02:54.292 [34mINFO [0;39m - Function: AddUser -- next function: 1_1_0 -- next operator: null -- index: 1_1_0
07-05-2025 16:02:54.293 [34mINFO [0;39m - Http Method: POST
07-05-2025 16:02:54.294 [34mINFO [0;39m - URL: "http://localhost:8085/api/json/user"
07-05-2025 16:02:54.295 [34mINFO [0;39m - Header: {
  "Authorization" : [ "Basic YWRtaW46MTIzNA==" ],
  "Content-Type" : [ "application/x-www-form-urlencoded" ]
}
07-05-2025 16:02:54.295 [34mINFO [0;39m - Body: {
  "role" : [ "" ],
  "name" : [ "" ],
  "id" : [ "" ],
  "units" : [ null ],
  "department" : [ "" ]
}
07-05-2025 16:02:54.295 [34mINFO [0;39m - ============================================================================
07-05-2025 16:02:54.383 [34mINFO [0;39m - Response: 
07-05-2025 16:02:54.383 [34mINFO [0;39m - ======================= API OPERATION END -- INDEX: 1_1_0 =======================
07-05-2025 16:02:54.383 [34mINFO [0;39m - Loop: {%#FFCFB5.(response).body.$.[*]%} -------- index: 1
07-05-2025 16:02:54.383 [34mINFO [0;39m - ======================= API OPERATION START -- INDEX: 1_1_0 =======================
07-05-2025 16:02:54.383 [34mINFO [0;39m - Function: AddUser -- next function: 1_1_0 -- next operator: null -- index: 1_1_0
07-05-2025 16:02:54.384 [34mINFO [0;39m - Http Method: POST
07-05-2025 16:02:54.384 [34mINFO [0;39m - URL: "http://localhost:8085/api/json/user"
07-05-2025 16:02:54.385 [34mINFO [0;39m - Header: {
  "Authorization" : [ "Basic YWRtaW46MTIzNA==" ],
  "Content-Type" : [ "application/x-www-form-urlencoded" ]
}
07-05-2025 16:02:54.387 [34mINFO [0;39m - Body: {
  "role" : [ "" ],
  "name" : [ "" ],
  "id" : [ "" ],
  "units" : [ null ],
  "department" : [ "" ]
}
07-05-2025 16:02:54.387 [34mINFO [0;39m - ============================================================================
07-05-2025 16:02:54.480 [34mINFO [0;39m - Response: 
07-05-2025 16:02:54.480 [34mINFO [0;39m - ======================= API OPERATION END -- INDEX: 1_1_0 =======================
07-05-2025 16:02:54.480 [34mINFO [0;39m - Loop: {%#FFCFB5.(response).body.$.[*]%} -------- index: 2
07-05-2025 16:02:54.480 [34mINFO [0;39m - ======================= API OPERATION START -- INDEX: 1_1_0 =======================
07-05-2025 16:02:54.480 [34mINFO [0;39m - Function: AddUser -- next function: 1_1_0 -- next operator: null -- index: 1_1_0
07-05-2025 16:02:54.480 [34mINFO [0;39m - Http Method: POST
07-05-2025 16:02:54.481 [34mINFO [0;39m - URL: "http://localhost:8085/api/json/user"
07-05-2025 16:02:54.482 [34mINFO [0;39m - Header: {
  "Authorization" : [ "Basic YWRtaW46MTIzNA==" ],
  "Content-Type" : [ "application/x-www-form-urlencoded" ]
}
07-05-2025 16:02:54.482 [34mINFO [0;39m - Body: {
  "role" : [ "" ],
  "name" : [ "" ],
  "id" : [ "" ],
  "units" : [ null ],
  "department" : [ "" ]
}
07-05-2025 16:02:54.482 [34mINFO [0;39m - ============================================================================
07-05-2025 16:02:54.561 [34mINFO [0;39m - Response: 
07-05-2025 16:02:54.561 [34mINFO [0;39m - ======================= API OPERATION END -- INDEX: 1_1_0 =======================
07-05-2025 16:02:54.561 [34mINFO [0;39m - Loop: {%#FFCFB5.(response).body.$.[*]%} -------- index: 3
07-05-2025 16:02:54.561 [34mINFO [0;39m - ======================= API OPERATION START -- INDEX: 1_1_0 =======================
07-05-2025 16:02:54.561 [34mINFO [0;39m - Function: AddUser -- next function: 1_1_0 -- next operator: null -- index: 1_1_0
07-05-2025 16:02:54.561 [34mINFO [0;39m - Http Method: POST
07-05-2025 16:02:54.562 [34mINFO [0;39m - URL: "http://localhost:8085/api/json/user"
07-05-2025 16:02:54.563 [34mINFO [0;39m - Header: {
  "Authorization" : [ "Basic YWRtaW46MTIzNA==" ],
  "Content-Type" : [ "application/x-www-form-urlencoded" ]
}
07-05-2025 16:02:54.563 [34mINFO [0;39m - Body: {
  "role" : [ "" ],
  "name" : [ "" ],
  "id" : [ "" ],
  "units" : [ null ],
  "department" : [ "" ]
}
07-05-2025 16:02:54.563 [34mINFO [0;39m - ============================================================================
07-05-2025 16:02:54.640 [34mINFO [0;39m - Response: 
07-05-2025 16:02:54.640 [34mINFO [0;39m - ======================= API OPERATION END -- INDEX: 1_1_0 =======================
07-05-2025 16:02:54.640 [34mINFO [0;39m - Loop: {%#FFCFB5.(response).body.$.[*]%} -------- index: 4
07-05-2025 16:02:54.640 [34mINFO [0;39m - ======================= API OPERATION START -- INDEX: 1_1_0 =======================
07-05-2025 16:02:54.640 [34mINFO [0;39m - Function: AddUser -- next function: 1_1_0 -- next operator: null -- index: 1_1_0
07-05-2025 16:02:54.642 [34mINFO [0;39m - Http Method: POST
07-05-2025 16:02:54.642 [34mINFO [0;39m - URL: "http://localhost:8085/api/json/user"
07-05-2025 16:02:54.643 [34mINFO [0;39m - Header: {
  "Authorization" : [ "Basic YWRtaW46MTIzNA==" ],
  "Content-Type" : [ "application/x-www-form-urlencoded" ]
}
07-05-2025 16:02:54.643 [34mINFO [0;39m - Body: {
  "role" : [ "" ],
  "name" : [ "" ],
  "id" : [ "" ],
  "units" : [ null ],
  "department" : [ "" ]
}
07-05-2025 16:02:54.643 [34mINFO [0;39m - ============================================================================
07-05-2025 16:02:54.809 [34mINFO [0;39m - Response: 
07-05-2025 16:02:54.810 [34mINFO [0;39m - ======================= API OPERATION END -- INDEX: 1_1_0 =======================
07-05-2025 16:02:54.810 [34mINFO [0;39m - Loop: {%#FFCFB5.(response).body.$.[*]%} -------- index: 5
07-05-2025 16:02:54.810 [34mINFO [0;39m - ======================= API OPERATION START -- INDEX: 1_1_0 =======================
07-05-2025 16:02:54.810 [34mINFO [0;39m - Function: AddUser -- next function: 1_1_0 -- next operator: null -- index: 1_1_0
07-05-2025 16:02:54.810 [34mINFO [0;39m - Http Method: POST
07-05-2025 16:02:54.810 [34mINFO [0;39m - URL: "http://localhost:8085/api/json/user"
07-05-2025 16:02:54.811 [34mINFO [0;39m - Header: {
  "Authorization" : [ "Basic YWRtaW46MTIzNA==" ],
  "Content-Type" : [ "application/x-www-form-urlencoded" ]
}
07-05-2025 16:02:54.812 [34mINFO [0;39m - Body: {
  "role" : [ "" ],
  "name" : [ "" ],
  "id" : [ "" ],
  "units" : [ null ],
  "department" : [ "" ]
}
07-05-2025 16:02:54.812 [34mINFO [0;39m - ============================================================================
07-05-2025 16:02:54.914 [34mINFO [0;39m - Response: 
07-05-2025 16:02:54.915 [34mINFO [0;39m - ======================= API OPERATION END -- INDEX: 1_1_0 =======================
07-05-2025 16:02:54.915 [34mINFO [0;39m - Loop: {%#FFCFB5.(response).body.$.[*]%} -------- index: 6
07-05-2025 16:02:54.915 [34mINFO [0;39m - ======================= API OPERATION START -- INDEX: 1_1_0 =======================
07-05-2025 16:02:54.915 [34mINFO [0;39m - Function: AddUser -- next function: 1_1_0 -- next operator: null -- index: 1_1_0
07-05-2025 16:02:54.916 [34mINFO [0;39m - Http Method: POST
07-05-2025 16:02:54.917 [34mINFO [0;39m - URL: "http://localhost:8085/api/json/user"
07-05-2025 16:02:54.917 [34mINFO [0;39m - Header: {
  "Authorization" : [ "Basic YWRtaW46MTIzNA==" ],
  "Content-Type" : [ "application/x-www-form-urlencoded" ]
}
07-05-2025 16:02:54.918 [34mINFO [0;39m - Body: {
  "role" : [ "" ],
  "name" : [ "" ],
  "id" : [ "" ],
  "units" : [ null ],
  "department" : [ "" ]
}
07-05-2025 16:02:54.918 [34mINFO [0;39m - ============================================================================
07-05-2025 16:02:54.999 [34mINFO [0;39m - Response: 
07-05-2025 16:02:54.999 [34mINFO [0;39m - ======================= API OPERATION END -- INDEX: 1_1_0 =======================
07-05-2025 16:02:54.999 [34mINFO [0;39m - Loop: {%#FFCFB5.(response).body.$.[*]%} -------- index: 7
07-05-2025 16:02:54.999 [34mINFO [0;39m - ======================= API OPERATION START -- INDEX: 1_1_0 =======================
07-05-2025 16:02:54.999 [34mINFO [0;39m - Function: AddUser -- next function: 1_1_0 -- next operator: null -- index: 1_1_0
07-05-2025 16:02:55.001 [34mINFO [0;39m - Http Method: POST
07-05-2025 16:02:55.002 [34mINFO [0;39m - URL: "http://localhost:8085/api/json/user"
07-05-2025 16:02:55.003 [34mINFO [0;39m - Header: {
  "Authorization" : [ "Basic YWRtaW46MTIzNA==" ],
  "Content-Type" : [ "application/x-www-form-urlencoded" ]
}
07-05-2025 16:02:55.003 [34mINFO [0;39m - Body: {
  "role" : [ "" ],
  "name" : [ "" ],
  "id" : [ "" ],
  "units" : [ null ],
  "department" : [ "" ]
}
07-05-2025 16:02:55.003 [34mINFO [0;39m - ============================================================================
07-05-2025 16:02:55.084 [34mINFO [0;39m - Response: 
07-05-2025 16:02:55.084 [34mINFO [0;39m - ======================= API OPERATION END -- INDEX: 1_1_0 =======================
07-05-2025 16:02:55.084 [34mINFO [0;39m - Loop: {%#FFCFB5.(response).body.$.[*]%} -------- index: 8
07-05-2025 16:02:55.084 [34mINFO [0;39m - ======================= API OPERATION START -- INDEX: 1_1_0 =======================
07-05-2025 16:02:55.084 [34mINFO [0;39m - Function: AddUser -- next function: 1_1_0 -- next operator: null -- index: 1_1_0
07-05-2025 16:02:55.086 [34mINFO [0;39m - Http Method: POST
07-05-2025 16:02:55.086 [34mINFO [0;39m - URL: "http://localhost:8085/api/json/user"
07-05-2025 16:02:55.087 [34mINFO [0;39m - Header: {
  "Authorization" : [ "Basic YWRtaW46MTIzNA==" ],
  "Content-Type" : [ "application/x-www-form-urlencoded" ]
}
07-05-2025 16:02:55.088 [34mINFO [0;39m - Body: {
  "role" : [ "" ],
  "name" : [ "" ],
  "id" : [ "" ],
  "units" : [ null ],
  "department" : [ "" ]
}
07-05-2025 16:02:55.088 [34mINFO [0;39m - ============================================================================
07-05-2025 16:02:55.185 [34mINFO [0;39m - Response: 
07-05-2025 16:02:55.185 [34mINFO [0;39m - ======================= API OPERATION END -- INDEX: 1_1_0 =======================
07-05-2025 16:02:55.185 [34mINFO [0;39m - Loop: {%#FFCFB5.(response).body.$.[*]%} -------- index: 9
07-05-2025 16:02:55.185 [34mINFO [0;39m - ======================= API OPERATION START -- INDEX: 1_1_0 =======================
07-05-2025 16:02:55.185 [34mINFO [0;39m - Function: AddUser -- next function: null -- next operator: null -- index: 1_1_0
07-05-2025 16:02:55.186 [34mINFO [0;39m - Http Method: POST
07-05-2025 16:02:55.186 [34mINFO [0;39m - URL: "http://localhost:8085/api/json/user"
07-05-2025 16:02:55.187 [34mINFO [0;39m - Header: {
  "Authorization" : [ "Basic YWRtaW46MTIzNA==" ],
  "Content-Type" : [ "application/x-www-form-urlencoded" ]
}
07-05-2025 16:02:55.187 [34mINFO [0;39m - Body: {
  "role" : [ "" ],
  "name" : [ "" ],
  "id" : [ "" ],
  "units" : [ null ],
  "department" : [ "" ]
}
07-05-2025 16:02:55.187 [34mINFO [0;39m - ============================================================================
07-05-2025 16:02:55.273 [34mINFO [0;39m - Response: 
07-05-2025 16:02:55.273 [34mINFO [0;39m - ======================= API OPERATION END -- INDEX: 1_1_0 =======================
07-05-2025 16:02:55.273 [34mINFO [0;39m - ============================================================================
07-05-2025 16:02:55.273 [34mINFO [0;39m - Operator: -- next function: 1_0 -- next operator: null -- type: loop -- index: 1_1
07-05-2025 16:02:55.273 [34mINFO [0;39m - ======================= for {%#FFCFB5.(response).body.$.[*]%} END -- INDEX: 1_1 =======================
07-05-2025 16:02:55.273 [34mINFO [0;39m - Loop: {%#FFCFB5.(response).body.$.[*]%} -------- index: 6
07-05-2025 16:02:55.273 [34mINFO [0;39m - ======================= API OPERATION START -- INDEX: 1_0 =======================
07-05-2025 16:02:55.273 [34mINFO [0;39m - Function: AddUser -- next function: null -- next operator: 1_1 -- index: 1_0
07-05-2025 16:02:55.273 [34mINFO [0;39m - Http Method: POST
07-05-2025 16:02:55.273 [34mINFO [0;39m - URL: "http://localhost:8085/api/json/user"
07-05-2025 16:02:55.274 [34mINFO [0;39m - Header: {
  "Authorization" : [ "Basic YWRtaW46MTIzNA==" ],
  "Content-Type" : [ "application/x-www-form-urlencoded" ]
}
07-05-2025 16:02:55.274 [34mINFO [0;39m - Body: {
  "role" : [ "" ],
  "name" : [ "" ],
  "id" : [ "" ],
  "units" : [ null ],
  "department" : [ "" ]
}
07-05-2025 16:02:55.274 [34mINFO [0;39m - ============================================================================
07-05-2025 16:02:55.356 [34mINFO [0;39m - Response: 
07-05-2025 16:02:55.356 [34mINFO [0;39m - ======================= API OPERATION END -- INDEX: 1_0 =======================
07-05-2025 16:02:55.357 [34mINFO [0;39m - ======================= FOR START -- INDEX: 1_1 =======================
07-05-2025 16:02:55.357 [34mINFO [0;39m - LOOP_OPERATOR_RESULT: NOT_EMPTY -- index: 1_1
07-05-2025 16:02:55.357 [34mINFO [0;39m - Loop: {%#FFCFB5.(response).body.$.[*]%} -------- index: 0
07-05-2025 16:02:55.357 [34mINFO [0;39m - ======================= API OPERATION START -- INDEX: 1_1_0 =======================
07-05-2025 16:02:55.358 [34mINFO [0;39m - Function: AddUser -- next function: 1_1_0 -- next operator: null -- index: 1_1_0
07-05-2025 16:02:55.359 [34mINFO [0;39m - Http Method: POST
07-05-2025 16:02:55.359 [34mINFO [0;39m - URL: "http://localhost:8085/api/json/user"
07-05-2025 16:02:55.359 [34mINFO [0;39m - Header: {
  "Authorization" : [ "Basic YWRtaW46MTIzNA==" ],
  "Content-Type" : [ "application/x-www-form-urlencoded" ]
}
07-05-2025 16:02:55.359 [34mINFO [0;39m - Body: {
  "role" : [ "" ],
  "name" : [ "" ],
  "id" : [ "" ],
  "units" : [ null ],
  "department" : [ "" ]
}
07-05-2025 16:02:55.359 [34mINFO [0;39m - ============================================================================
07-05-2025 16:02:55.433 [34mINFO [0;39m - Response: 
07-05-2025 16:02:55.433 [34mINFO [0;39m - ======================= API OPERATION END -- INDEX: 1_1_0 =======================
07-05-2025 16:02:55.433 [34mINFO [0;39m - Loop: {%#FFCFB5.(response).body.$.[*]%} -------- index: 1
07-05-2025 16:02:55.433 [34mINFO [0;39m - ======================= API OPERATION START -- INDEX: 1_1_0 =======================
07-05-2025 16:02:55.433 [34mINFO [0;39m - Function: AddUser -- next function: 1_1_0 -- next operator: null -- index: 1_1_0
07-05-2025 16:02:55.433 [34mINFO [0;39m - Http Method: POST
07-05-2025 16:02:55.434 [34mINFO [0;39m - URL: "http://localhost:8085/api/json/user"
07-05-2025 16:02:55.438 [34mINFO [0;39m - Header: {
  "Authorization" : [ "Basic YWRtaW46MTIzNA==" ],
  "Content-Type" : [ "application/x-www-form-urlencoded" ]
}
07-05-2025 16:02:55.438 [34mINFO [0;39m - Body: {
  "role" : [ "" ],
  "name" : [ "" ],
  "id" : [ "" ],
  "units" : [ null ],
  "department" : [ "" ]
}
07-05-2025 16:02:55.438 [34mINFO [0;39m - ============================================================================
07-05-2025 16:02:55.516 [34mINFO [0;39m - Response: 
07-05-2025 16:02:55.516 [34mINFO [0;39m - ======================= API OPERATION END -- INDEX: 1_1_0 =======================
07-05-2025 16:02:55.516 [34mINFO [0;39m - Loop: {%#FFCFB5.(response).body.$.[*]%} -------- index: 2
07-05-2025 16:02:55.516 [34mINFO [0;39m - ======================= API OPERATION START -- INDEX: 1_1_0 =======================
07-05-2025 16:02:55.516 [34mINFO [0;39m - Function: AddUser -- next function: 1_1_0 -- next operator: null -- index: 1_1_0
07-05-2025 16:02:55.517 [34mINFO [0;39m - Http Method: POST
07-05-2025 16:02:55.517 [34mINFO [0;39m - URL: "http://localhost:8085/api/json/user"
07-05-2025 16:02:55.518 [34mINFO [0;39m - Header: {
  "Authorization" : [ "Basic YWRtaW46MTIzNA==" ],
  "Content-Type" : [ "application/x-www-form-urlencoded" ]
}
07-05-2025 16:02:55.518 [34mINFO [0;39m - Body: {
  "role" : [ "" ],
  "name" : [ "" ],
  "id" : [ "" ],
  "units" : [ null ],
  "department" : [ "" ]
}
07-05-2025 16:02:55.518 [34mINFO [0;39m - ============================================================================
07-05-2025 16:02:55.594 [34mINFO [0;39m - Response: 
07-05-2025 16:02:55.594 [34mINFO [0;39m - ======================= API OPERATION END -- INDEX: 1_1_0 =======================
07-05-2025 16:02:55.594 [34mINFO [0;39m - Loop: {%#FFCFB5.(response).body.$.[*]%} -------- index: 3
07-05-2025 16:02:55.594 [34mINFO [0;39m - ======================= API OPERATION START -- INDEX: 1_1_0 =======================
07-05-2025 16:02:55.594 [34mINFO [0;39m - Function: AddUser -- next function: 1_1_0 -- next operator: null -- index: 1_1_0
07-05-2025 16:02:55.595 [34mINFO [0;39m - Http Method: POST
07-05-2025 16:02:55.595 [34mINFO [0;39m - URL: "http://localhost:8085/api/json/user"
07-05-2025 16:02:55.596 [34mINFO [0;39m - Header: {
  "Authorization" : [ "Basic YWRtaW46MTIzNA==" ],
  "Content-Type" : [ "application/x-www-form-urlencoded" ]
}
07-05-2025 16:02:55.596 [34mINFO [0;39m - Body: {
  "role" : [ "" ],
  "name" : [ "" ],
  "id" : [ "" ],
  "units" : [ null ],
  "department" : [ "" ]
}
07-05-2025 16:02:55.596 [34mINFO [0;39m - ============================================================================
07-05-2025 16:02:55.714 [34mINFO [0;39m - Response: 
07-05-2025 16:02:55.714 [34mINFO [0;39m - ======================= API OPERATION END -- INDEX: 1_1_0 =======================
07-05-2025 16:02:55.714 [34mINFO [0;39m - Loop: {%#FFCFB5.(response).body.$.[*]%} -------- index: 4
07-05-2025 16:02:55.714 [34mINFO [0;39m - ======================= API OPERATION START -- INDEX: 1_1_0 =======================
07-05-2025 16:02:55.714 [34mINFO [0;39m - Function: AddUser -- next function: 1_1_0 -- next operator: null -- index: 1_1_0
07-05-2025 16:02:55.714 [34mINFO [0;39m - Http Method: POST
07-05-2025 16:02:55.715 [34mINFO [0;39m - URL: "http://localhost:8085/api/json/user"
07-05-2025 16:02:55.716 [34mINFO [0;39m - Header: {
  "Authorization" : [ "Basic YWRtaW46MTIzNA==" ],
  "Content-Type" : [ "application/x-www-form-urlencoded" ]
}
07-05-2025 16:02:55.716 [34mINFO [0;39m - Body: {
  "role" : [ "" ],
  "name" : [ "" ],
  "id" : [ "" ],
  "units" : [ null ],
  "department" : [ "" ]
}
07-05-2025 16:02:55.716 [34mINFO [0;39m - ============================================================================
07-05-2025 16:02:55.818 [34mINFO [0;39m - Response: 
07-05-2025 16:02:55.818 [34mINFO [0;39m - ======================= API OPERATION END -- INDEX: 1_1_0 =======================
07-05-2025 16:02:55.818 [34mINFO [0;39m - Loop: {%#FFCFB5.(response).body.$.[*]%} -------- index: 5
07-05-2025 16:02:55.818 [34mINFO [0;39m - ======================= API OPERATION START -- INDEX: 1_1_0 =======================
07-05-2025 16:02:55.818 [34mINFO [0;39m - Function: AddUser -- next function: 1_1_0 -- next operator: null -- index: 1_1_0
07-05-2025 16:02:55.818 [34mINFO [0;39m - Http Method: POST
07-05-2025 16:02:55.818 [34mINFO [0;39m - URL: "http://localhost:8085/api/json/user"
07-05-2025 16:02:55.819 [34mINFO [0;39m - Header: {
  "Authorization" : [ "Basic YWRtaW46MTIzNA==" ],
  "Content-Type" : [ "application/x-www-form-urlencoded" ]
}
07-05-2025 16:02:55.820 [34mINFO [0;39m - Body: {
  "role" : [ "" ],
  "name" : [ "" ],
  "id" : [ "" ],
  "units" : [ null ],
  "department" : [ "" ]
}
07-05-2025 16:02:55.820 [34mINFO [0;39m - ============================================================================
07-05-2025 16:02:55.917 [34mINFO [0;39m - Response: 
07-05-2025 16:02:55.917 [34mINFO [0;39m - ======================= API OPERATION END -- INDEX: 1_1_0 =======================
07-05-2025 16:02:55.917 [34mINFO [0;39m - Loop: {%#FFCFB5.(response).body.$.[*]%} -------- index: 6
07-05-2025 16:02:55.917 [34mINFO [0;39m - ======================= API OPERATION START -- INDEX: 1_1_0 =======================
07-05-2025 16:02:55.917 [34mINFO [0;39m - Function: AddUser -- next function: 1_1_0 -- next operator: null -- index: 1_1_0
07-05-2025 16:02:55.918 [34mINFO [0;39m - Http Method: POST
07-05-2025 16:02:55.918 [34mINFO [0;39m - URL: "http://localhost:8085/api/json/user"
07-05-2025 16:02:55.920 [34mINFO [0;39m - Header: {
  "Authorization" : [ "Basic YWRtaW46MTIzNA==" ],
  "Content-Type" : [ "application/x-www-form-urlencoded" ]
}
07-05-2025 16:02:55.920 [34mINFO [0;39m - Body: {
  "role" : [ "" ],
  "name" : [ "" ],
  "id" : [ "" ],
  "units" : [ null ],
  "department" : [ "" ]
}
07-05-2025 16:02:55.920 [34mINFO [0;39m - ============================================================================
07-05-2025 16:02:56.003 [34mINFO [0;39m - Response: 
07-05-2025 16:02:56.003 [34mINFO [0;39m - ======================= API OPERATION END -- INDEX: 1_1_0 =======================
07-05-2025 16:02:56.003 [34mINFO [0;39m - Loop: {%#FFCFB5.(response).body.$.[*]%} -------- index: 7
07-05-2025 16:02:56.003 [34mINFO [0;39m - ======================= API OPERATION START -- INDEX: 1_1_0 =======================
07-05-2025 16:02:56.003 [34mINFO [0;39m - Function: AddUser -- next function: 1_1_0 -- next operator: null -- index: 1_1_0
07-05-2025 16:02:56.005 [34mINFO [0;39m - Http Method: POST
07-05-2025 16:02:56.005 [34mINFO [0;39m - URL: "http://localhost:8085/api/json/user"
07-05-2025 16:02:56.006 [34mINFO [0;39m - Header: {
  "Authorization" : [ "Basic YWRtaW46MTIzNA==" ],
  "Content-Type" : [ "application/x-www-form-urlencoded" ]
}
07-05-2025 16:02:56.006 [34mINFO [0;39m - Body: {
  "role" : [ "" ],
  "name" : [ "" ],
  "id" : [ "" ],
  "units" : [ null ],
  "department" : [ "" ]
}
07-05-2025 16:02:56.006 [34mINFO [0;39m - ============================================================================
07-05-2025 16:02:56.087 [34mINFO [0;39m - Response: 
07-05-2025 16:02:56.087 [34mINFO [0;39m - ======================= API OPERATION END -- INDEX: 1_1_0 =======================
07-05-2025 16:02:56.087 [34mINFO [0;39m - Loop: {%#FFCFB5.(response).body.$.[*]%} -------- index: 8
07-05-2025 16:02:56.087 [34mINFO [0;39m - ======================= API OPERATION START -- INDEX: 1_1_0 =======================
07-05-2025 16:02:56.087 [34mINFO [0;39m - Function: AddUser -- next function: 1_1_0 -- next operator: null -- index: 1_1_0
07-05-2025 16:02:56.090 [34mINFO [0;39m - Http Method: POST
07-05-2025 16:02:56.090 [34mINFO [0;39m - URL: "http://localhost:8085/api/json/user"
07-05-2025 16:02:56.092 [34mINFO [0;39m - Header: {
  "Authorization" : [ "Basic YWRtaW46MTIzNA==" ],
  "Content-Type" : [ "application/x-www-form-urlencoded" ]
}
07-05-2025 16:02:56.092 [34mINFO [0;39m - Body: {
  "role" : [ "" ],
  "name" : [ "" ],
  "id" : [ "" ],
  "units" : [ null ],
  "department" : [ "" ]
}
07-05-2025 16:02:56.092 [34mINFO [0;39m - ============================================================================
07-05-2025 16:02:56.180 [34mINFO [0;39m - Response: 
07-05-2025 16:02:56.180 [34mINFO [0;39m - ======================= API OPERATION END -- INDEX: 1_1_0 =======================
07-05-2025 16:02:56.180 [34mINFO [0;39m - Loop: {%#FFCFB5.(response).body.$.[*]%} -------- index: 9
07-05-2025 16:02:56.180 [34mINFO [0;39m - ======================= API OPERATION START -- INDEX: 1_1_0 =======================
07-05-2025 16:02:56.180 [34mINFO [0;39m - Function: AddUser -- next function: null -- next operator: null -- index: 1_1_0
07-05-2025 16:02:56.181 [34mINFO [0;39m - Http Method: POST
07-05-2025 16:02:56.181 [34mINFO [0;39m - URL: "http://localhost:8085/api/json/user"
07-05-2025 16:02:56.182 [34mINFO [0;39m - Header: {
  "Authorization" : [ "Basic YWRtaW46MTIzNA==" ],
  "Content-Type" : [ "application/x-www-form-urlencoded" ]
}
07-05-2025 16:02:56.182 [34mINFO [0;39m - Body: {
  "role" : [ "" ],
  "name" : [ "" ],
  "id" : [ "" ],
  "units" : [ null ],
  "department" : [ "" ]
}
07-05-2025 16:02:56.182 [34mINFO [0;39m - ============================================================================
07-05-2025 16:02:56.264 [34mINFO [0;39m - Response: 
07-05-2025 16:02:56.264 [34mINFO [0;39m - ======================= API OPERATION END -- INDEX: 1_1_0 =======================
07-05-2025 16:02:56.264 [34mINFO [0;39m - ============================================================================
07-05-2025 16:02:56.264 [34mINFO [0;39m - Operator: -- next function: 1_0 -- next operator: null -- type: loop -- index: 1_1
07-05-2025 16:02:56.264 [34mINFO [0;39m - ======================= for {%#FFCFB5.(response).body.$.[*]%} END -- INDEX: 1_1 =======================
07-05-2025 16:02:56.264 [34mINFO [0;39m - Loop: {%#FFCFB5.(response).body.$.[*]%} -------- index: 7
07-05-2025 16:02:56.264 [34mINFO [0;39m - ======================= API OPERATION START -- INDEX: 1_0 =======================
07-05-2025 16:02:56.264 [34mINFO [0;39m - Function: AddUser -- next function: null -- next operator: 1_1 -- index: 1_0
07-05-2025 16:02:56.266 [34mINFO [0;39m - Http Method: POST
07-05-2025 16:02:56.266 [34mINFO [0;39m - URL: "http://localhost:8085/api/json/user"
07-05-2025 16:02:56.268 [34mINFO [0;39m - Header: {
  "Authorization" : [ "Basic YWRtaW46MTIzNA==" ],
  "Content-Type" : [ "application/x-www-form-urlencoded" ]
}
07-05-2025 16:02:56.268 [34mINFO [0;39m - Body: {
  "role" : [ "" ],
  "name" : [ "" ],
  "id" : [ "" ],
  "units" : [ null ],
  "department" : [ "" ]
}
07-05-2025 16:02:56.268 [34mINFO [0;39m - ============================================================================
07-05-2025 16:02:56.341 [34mINFO [0;39m - Response: 
07-05-2025 16:02:56.341 [34mINFO [0;39m - ======================= API OPERATION END -- INDEX: 1_0 =======================
07-05-2025 16:02:56.343 [34mINFO [0;39m - ======================= FOR START -- INDEX: 1_1 =======================
07-05-2025 16:02:56.343 [34mINFO [0;39m - LOOP_OPERATOR_RESULT: NOT_EMPTY -- index: 1_1
07-05-2025 16:02:56.343 [34mINFO [0;39m - Loop: {%#FFCFB5.(response).body.$.[*]%} -------- index: 0
07-05-2025 16:02:56.343 [34mINFO [0;39m - ======================= API OPERATION START -- INDEX: 1_1_0 =======================
07-05-2025 16:02:56.343 [34mINFO [0;39m - Function: AddUser -- next function: 1_1_0 -- next operator: null -- index: 1_1_0
07-05-2025 16:02:56.344 [34mINFO [0;39m - Http Method: POST
07-05-2025 16:02:56.344 [34mINFO [0;39m - URL: "http://localhost:8085/api/json/user"
07-05-2025 16:02:56.345 [34mINFO [0;39m - Header: {
  "Authorization" : [ "Basic YWRtaW46MTIzNA==" ],
  "Content-Type" : [ "application/x-www-form-urlencoded" ]
}
07-05-2025 16:02:56.345 [34mINFO [0;39m - Body: {
  "role" : [ "" ],
  "name" : [ "" ],
  "id" : [ "" ],
  "units" : [ null ],
  "department" : [ "" ]
}
07-05-2025 16:02:56.345 [34mINFO [0;39m - ============================================================================
07-05-2025 16:02:56.421 [34mINFO [0;39m - Response: 
07-05-2025 16:02:56.421 [34mINFO [0;39m - ======================= API OPERATION END -- INDEX: 1_1_0 =======================
07-05-2025 16:02:56.421 [34mINFO [0;39m - Loop: {%#FFCFB5.(response).body.$.[*]%} -------- index: 1
07-05-2025 16:02:56.421 [34mINFO [0;39m - ======================= API OPERATION START -- INDEX: 1_1_0 =======================
07-05-2025 16:02:56.423 [34mINFO [0;39m - Function: AddUser -- next function: 1_1_0 -- next operator: null -- index: 1_1_0
07-05-2025 16:02:56.423 [34mINFO [0;39m - Http Method: POST
07-05-2025 16:02:56.423 [34mINFO [0;39m - URL: "http://localhost:8085/api/json/user"
07-05-2025 16:02:56.424 [34mINFO [0;39m - Header: {
  "Authorization" : [ "Basic YWRtaW46MTIzNA==" ],
  "Content-Type" : [ "application/x-www-form-urlencoded" ]
}
07-05-2025 16:02:56.424 [34mINFO [0;39m - Body: {
  "role" : [ "" ],
  "name" : [ "" ],
  "id" : [ "" ],
  "units" : [ null ],
  "department" : [ "" ]
}
07-05-2025 16:02:56.424 [34mINFO [0;39m - ============================================================================
07-05-2025 16:02:56.497 [34mINFO [0;39m - Response: 
07-05-2025 16:02:56.497 [34mINFO [0;39m - ======================= API OPERATION END -- INDEX: 1_1_0 =======================
07-05-2025 16:02:56.497 [34mINFO [0;39m - Loop: {%#FFCFB5.(response).body.$.[*]%} -------- index: 2
07-05-2025 16:02:56.497 [34mINFO [0;39m - ======================= API OPERATION START -- INDEX: 1_1_0 =======================
07-05-2025 16:02:56.497 [34mINFO [0;39m - Function: AddUser -- next function: 1_1_0 -- next operator: null -- index: 1_1_0
07-05-2025 16:02:56.499 [34mINFO [0;39m - Http Method: POST
07-05-2025 16:02:56.499 [34mINFO [0;39m - URL: "http://localhost:8085/api/json/user"
07-05-2025 16:02:56.500 [34mINFO [0;39m - Header: {
  "Authorization" : [ "Basic YWRtaW46MTIzNA==" ],
  "Content-Type" : [ "application/x-www-form-urlencoded" ]
}
07-05-2025 16:02:56.500 [34mINFO [0;39m - Body: {
  "role" : [ "" ],
  "name" : [ "" ],
  "id" : [ "" ],
  "units" : [ null ],
  "department" : [ "" ]
}
07-05-2025 16:02:56.500 [34mINFO [0;39m - ============================================================================
07-05-2025 16:02:56.571 [34mINFO [0;39m - Response: 
07-05-2025 16:02:56.571 [34mINFO [0;39m - ======================= API OPERATION END -- INDEX: 1_1_0 =======================
07-05-2025 16:02:56.571 [34mINFO [0;39m - Loop: {%#FFCFB5.(response).body.$.[*]%} -------- index: 3
07-05-2025 16:02:56.571 [34mINFO [0;39m - ======================= API OPERATION START -- INDEX: 1_1_0 =======================
07-05-2025 16:02:56.571 [34mINFO [0;39m - Function: AddUser -- next function: 1_1_0 -- next operator: null -- index: 1_1_0
07-05-2025 16:02:56.573 [34mINFO [0;39m - Http Method: POST
07-05-2025 16:02:56.573 [34mINFO [0;39m - URL: "http://localhost:8085/api/json/user"
07-05-2025 16:02:56.574 [34mINFO [0;39m - Header: {
  "Authorization" : [ "Basic YWRtaW46MTIzNA==" ],
  "Content-Type" : [ "application/x-www-form-urlencoded" ]
}
07-05-2025 16:02:56.575 [34mINFO [0;39m - Body: {
  "role" : [ "" ],
  "name" : [ "" ],
  "id" : [ "" ],
  "units" : [ null ],
  "department" : [ "" ]
}
07-05-2025 16:02:56.575 [34mINFO [0;39m - ============================================================================
07-05-2025 16:02:56.725 [34mINFO [0;39m - Response: 
07-05-2025 16:02:56.725 [34mINFO [0;39m - ======================= API OPERATION END -- INDEX: 1_1_0 =======================
07-05-2025 16:02:56.725 [34mINFO [0;39m - Loop: {%#FFCFB5.(response).body.$.[*]%} -------- index: 4
07-05-2025 16:02:56.725 [34mINFO [0;39m - ======================= API OPERATION START -- INDEX: 1_1_0 =======================
07-05-2025 16:02:56.725 [34mINFO [0;39m - Function: AddUser -- next function: 1_1_0 -- next operator: null -- index: 1_1_0
07-05-2025 16:02:56.726 [34mINFO [0;39m - Http Method: POST
07-05-2025 16:02:56.726 [34mINFO [0;39m - URL: "http://localhost:8085/api/json/user"
07-05-2025 16:02:56.727 [34mINFO [0;39m - Header: {
  "Authorization" : [ "Basic YWRtaW46MTIzNA==" ],
  "Content-Type" : [ "application/x-www-form-urlencoded" ]
}
07-05-2025 16:02:56.727 [34mINFO [0;39m - Body: {
  "role" : [ "" ],
  "name" : [ "" ],
  "id" : [ "" ],
  "units" : [ null ],
  "department" : [ "" ]
}
07-05-2025 16:02:56.727 [34mINFO [0;39m - ============================================================================
07-05-2025 16:02:56.815 [34mINFO [0;39m - Response: 
07-05-2025 16:02:56.815 [34mINFO [0;39m - ======================= API OPERATION END -- INDEX: 1_1_0 =======================
07-05-2025 16:02:56.815 [34mINFO [0;39m - Loop: {%#FFCFB5.(response).body.$.[*]%} -------- index: 5
07-05-2025 16:02:56.815 [34mINFO [0;39m - ======================= API OPERATION START -- INDEX: 1_1_0 =======================
07-05-2025 16:02:56.815 [34mINFO [0;39m - Function: AddUser -- next function: 1_1_0 -- next operator: null -- index: 1_1_0
07-05-2025 16:02:56.816 [34mINFO [0;39m - Http Method: POST
07-05-2025 16:02:56.817 [34mINFO [0;39m - URL: "http://localhost:8085/api/json/user"
07-05-2025 16:02:56.818 [34mINFO [0;39m - Header: {
  "Authorization" : [ "Basic YWRtaW46MTIzNA==" ],
  "Content-Type" : [ "application/x-www-form-urlencoded" ]
}
07-05-2025 16:02:56.818 [34mINFO [0;39m - Body: {
  "role" : [ "" ],
  "name" : [ "" ],
  "id" : [ "" ],
  "units" : [ null ],
  "department" : [ "" ]
}
07-05-2025 16:02:56.818 [34mINFO [0;39m - ============================================================================
07-05-2025 16:02:56.896 [34mINFO [0;39m - Response: 
07-05-2025 16:02:56.896 [34mINFO [0;39m - ======================= API OPERATION END -- INDEX: 1_1_0 =======================
07-05-2025 16:02:56.898 [34mINFO [0;39m - Loop: {%#FFCFB5.(response).body.$.[*]%} -------- index: 6
07-05-2025 16:02:56.898 [34mINFO [0;39m - ======================= API OPERATION START -- INDEX: 1_1_0 =======================
07-05-2025 16:02:56.898 [34mINFO [0;39m - Function: AddUser -- next function: 1_1_0 -- next operator: null -- index: 1_1_0
07-05-2025 16:02:56.901 [34mINFO [0;39m - Http Method: POST
07-05-2025 16:02:56.902 [34mINFO [0;39m - URL: "http://localhost:8085/api/json/user"
07-05-2025 16:02:56.902 [34mINFO [0;39m - Header: {
  "Authorization" : [ "Basic YWRtaW46MTIzNA==" ],
  "Content-Type" : [ "application/x-www-form-urlencoded" ]
}
07-05-2025 16:02:56.902 [34mINFO [0;39m - Body: {
  "role" : [ "" ],
  "name" : [ "" ],
  "id" : [ "" ],
  "units" : [ null ],
  "department" : [ "" ]
}
07-05-2025 16:02:56.902 [34mINFO [0;39m - ============================================================================
07-05-2025 16:02:56.981 [34mINFO [0;39m - Response: 
07-05-2025 16:02:56.981 [34mINFO [0;39m - ======================= API OPERATION END -- INDEX: 1_1_0 =======================
07-05-2025 16:02:56.981 [34mINFO [0;39m - Loop: {%#FFCFB5.(response).body.$.[*]%} -------- index: 7
07-05-2025 16:02:56.981 [34mINFO [0;39m - ======================= API OPERATION START -- INDEX: 1_1_0 =======================
07-05-2025 16:02:56.981 [34mINFO [0;39m - Function: AddUser -- next function: 1_1_0 -- next operator: null -- index: 1_1_0
07-05-2025 16:02:56.984 [34mINFO [0;39m - Http Method: POST
07-05-2025 16:02:56.984 [34mINFO [0;39m - URL: "http://localhost:8085/api/json/user"
07-05-2025 16:02:56.984 [34mINFO [0;39m - Header: {
  "Authorization" : [ "Basic YWRtaW46MTIzNA==" ],
  "Content-Type" : [ "application/x-www-form-urlencoded" ]
}
07-05-2025 16:02:56.985 [34mINFO [0;39m - Body: {
  "role" : [ "" ],
  "name" : [ "" ],
  "id" : [ "" ],
  "units" : [ null ],
  "department" : [ "" ]
}
07-05-2025 16:02:56.985 [34mINFO [0;39m - ============================================================================
07-05-2025 16:02:57.053 [34mINFO [0;39m - Response: 
07-05-2025 16:02:57.053 [34mINFO [0;39m - ======================= API OPERATION END -- INDEX: 1_1_0 =======================
07-05-2025 16:02:57.053 [34mINFO [0;39m - Loop: {%#FFCFB5.(response).body.$.[*]%} -------- index: 8
07-05-2025 16:02:57.053 [34mINFO [0;39m - ======================= API OPERATION START -- INDEX: 1_1_0 =======================
07-05-2025 16:02:57.053 [34mINFO [0;39m - Function: AddUser -- next function: 1_1_0 -- next operator: null -- index: 1_1_0
07-05-2025 16:02:57.054 [34mINFO [0;39m - Http Method: POST
07-05-2025 16:02:57.056 [34mINFO [0;39m - URL: "http://localhost:8085/api/json/user"
07-05-2025 16:02:57.056 [34mINFO [0;39m - Header: {
  "Authorization" : [ "Basic YWRtaW46MTIzNA==" ],
  "Content-Type" : [ "application/x-www-form-urlencoded" ]
}
07-05-2025 16:02:57.057 [34mINFO [0;39m - Body: {
  "role" : [ "" ],
  "name" : [ "" ],
  "id" : [ "" ],
  "units" : [ null ],
  "department" : [ "" ]
}
07-05-2025 16:02:57.057 [34mINFO [0;39m - ============================================================================
07-05-2025 16:02:57.140 [34mINFO [0;39m - Response: 
07-05-2025 16:02:57.140 [34mINFO [0;39m - ======================= API OPERATION END -- INDEX: 1_1_0 =======================
07-05-2025 16:02:57.140 [34mINFO [0;39m - Loop: {%#FFCFB5.(response).body.$.[*]%} -------- index: 9
07-05-2025 16:02:57.140 [34mINFO [0;39m - ======================= API OPERATION START -- INDEX: 1_1_0 =======================
07-05-2025 16:02:57.140 [34mINFO [0;39m - Function: AddUser -- next function: null -- next operator: null -- index: 1_1_0
07-05-2025 16:02:57.140 [34mINFO [0;39m - Http Method: POST
07-05-2025 16:02:57.141 [34mINFO [0;39m - URL: "http://localhost:8085/api/json/user"
07-05-2025 16:02:57.141 [34mINFO [0;39m - Header: {
  "Authorization" : [ "Basic YWRtaW46MTIzNA==" ],
  "Content-Type" : [ "application/x-www-form-urlencoded" ]
}
07-05-2025 16:02:57.143 [34mINFO [0;39m - Body: {
  "role" : [ "" ],
  "name" : [ "" ],
  "id" : [ "" ],
  "units" : [ null ],
  "department" : [ "" ]
}
07-05-2025 16:02:57.143 [34mINFO [0;39m - ============================================================================
07-05-2025 16:02:57.226 [34mINFO [0;39m - Response: 
07-05-2025 16:02:57.226 [34mINFO [0;39m - ======================= API OPERATION END -- INDEX: 1_1_0 =======================
07-05-2025 16:02:57.226 [34mINFO [0;39m - ============================================================================
07-05-2025 16:02:57.226 [34mINFO [0;39m - Operator: -- next function: 1_0 -- next operator: null -- type: loop -- index: 1_1
07-05-2025 16:02:57.226 [34mINFO [0;39m - ======================= for {%#FFCFB5.(response).body.$.[*]%} END -- INDEX: 1_1 =======================
07-05-2025 16:02:57.226 [34mINFO [0;39m - Loop: {%#FFCFB5.(response).body.$.[*]%} -------- index: 8
07-05-2025 16:02:57.226 [34mINFO [0;39m - ======================= API OPERATION START -- INDEX: 1_0 =======================
07-05-2025 16:02:57.226 [34mINFO [0;39m - Function: AddUser -- next function: null -- next operator: 1_1 -- index: 1_0
07-05-2025 16:02:57.228 [34mINFO [0;39m - Http Method: POST
07-05-2025 16:02:57.228 [34mINFO [0;39m - URL: "http://localhost:8085/api/json/user"
07-05-2025 16:02:57.231 [34mINFO [0;39m - Header: {
  "Authorization" : [ "Basic YWRtaW46MTIzNA==" ],
  "Content-Type" : [ "application/x-www-form-urlencoded" ]
}
07-05-2025 16:02:57.231 [34mINFO [0;39m - Body: {
  "role" : [ "" ],
  "name" : [ "" ],
  "id" : [ "" ],
  "units" : [ null ],
  "department" : [ "" ]
}
07-05-2025 16:02:57.231 [34mINFO [0;39m - ============================================================================
07-05-2025 16:02:57.317 [34mINFO [0;39m - Response: 
07-05-2025 16:02:57.317 [34mINFO [0;39m - ======================= API OPERATION END -- INDEX: 1_0 =======================
07-05-2025 16:02:57.318 [34mINFO [0;39m - ======================= FOR START -- INDEX: 1_1 =======================
07-05-2025 16:02:57.318 [34mINFO [0;39m - LOOP_OPERATOR_RESULT: NOT_EMPTY -- index: 1_1
07-05-2025 16:02:57.318 [34mINFO [0;39m - Loop: {%#FFCFB5.(response).body.$.[*]%} -------- index: 0
07-05-2025 16:02:57.318 [34mINFO [0;39m - ======================= API OPERATION START -- INDEX: 1_1_0 =======================
07-05-2025 16:02:57.318 [34mINFO [0;39m - Function: AddUser -- next function: 1_1_0 -- next operator: null -- index: 1_1_0
07-05-2025 16:02:57.321 [34mINFO [0;39m - Http Method: POST
07-05-2025 16:02:57.321 [34mINFO [0;39m - URL: "http://localhost:8085/api/json/user"
07-05-2025 16:02:57.321 [34mINFO [0;39m - Header: {
  "Authorization" : [ "Basic YWRtaW46MTIzNA==" ],
  "Content-Type" : [ "application/x-www-form-urlencoded" ]
}
07-05-2025 16:02:57.322 [34mINFO [0;39m - Body: {
  "role" : [ "" ],
  "name" : [ "" ],
  "id" : [ "" ],
  "units" : [ null ],
  "department" : [ "" ]
}
07-05-2025 16:02:57.322 [34mINFO [0;39m - ============================================================================
07-05-2025 16:02:57.396 [34mINFO [0;39m - Response: 
07-05-2025 16:02:57.396 [34mINFO [0;39m - ======================= API OPERATION END -- INDEX: 1_1_0 =======================
07-05-2025 16:02:57.396 [34mINFO [0;39m - Loop: {%#FFCFB5.(response).body.$.[*]%} -------- index: 1
07-05-2025 16:02:57.396 [34mINFO [0;39m - ======================= API OPERATION START -- INDEX: 1_1_0 =======================
07-05-2025 16:02:57.396 [34mINFO [0;39m - Function: AddUser -- next function: 1_1_0 -- next operator: null -- index: 1_1_0
07-05-2025 16:02:57.399 [34mINFO [0;39m - Http Method: POST
07-05-2025 16:02:57.399 [34mINFO [0;39m - URL: "http://localhost:8085/api/json/user"
07-05-2025 16:02:57.400 [34mINFO [0;39m - Header: {
  "Authorization" : [ "Basic YWRtaW46MTIzNA==" ],
  "Content-Type" : [ "application/x-www-form-urlencoded" ]
}
07-05-2025 16:02:57.400 [34mINFO [0;39m - Body: {
  "role" : [ "" ],
  "name" : [ "" ],
  "id" : [ "" ],
  "units" : [ null ],
  "department" : [ "" ]
}
07-05-2025 16:02:57.400 [34mINFO [0;39m - ============================================================================
07-05-2025 16:02:57.477 [34mINFO [0;39m - Response: 
07-05-2025 16:02:57.478 [34mINFO [0;39m - ======================= API OPERATION END -- INDEX: 1_1_0 =======================
07-05-2025 16:02:57.478 [34mINFO [0;39m - Loop: {%#FFCFB5.(response).body.$.[*]%} -------- index: 2
07-05-2025 16:02:57.478 [34mINFO [0;39m - ======================= API OPERATION START -- INDEX: 1_1_0 =======================
07-05-2025 16:02:57.478 [34mINFO [0;39m - Function: AddUser -- next function: 1_1_0 -- next operator: null -- index: 1_1_0
07-05-2025 16:02:57.478 [34mINFO [0;39m - Http Method: POST
07-05-2025 16:02:57.479 [34mINFO [0;39m - URL: "http://localhost:8085/api/json/user"
07-05-2025 16:02:57.480 [34mINFO [0;39m - Header: {
  "Authorization" : [ "Basic YWRtaW46MTIzNA==" ],
  "Content-Type" : [ "application/x-www-form-urlencoded" ]
}
07-05-2025 16:02:57.480 [34mINFO [0;39m - Body: {
  "role" : [ "" ],
  "name" : [ "" ],
  "id" : [ "" ],
  "units" : [ null ],
  "department" : [ "" ]
}
07-05-2025 16:02:57.480 [34mINFO [0;39m - ============================================================================
07-05-2025 16:02:57.574 [34mINFO [0;39m - Response: 
07-05-2025 16:02:57.574 [34mINFO [0;39m - ======================= API OPERATION END -- INDEX: 1_1_0 =======================
07-05-2025 16:02:57.574 [34mINFO [0;39m - Loop: {%#FFCFB5.(response).body.$.[*]%} -------- index: 3
07-05-2025 16:02:57.574 [34mINFO [0;39m - ======================= API OPERATION START -- INDEX: 1_1_0 =======================
07-05-2025 16:02:57.574 [34mINFO [0;39m - Function: AddUser -- next function: 1_1_0 -- next operator: null -- index: 1_1_0
07-05-2025 16:02:57.574 [34mINFO [0;39m - Http Method: POST
07-05-2025 16:02:57.575 [34mINFO [0;39m - URL: "http://localhost:8085/api/json/user"
07-05-2025 16:02:57.577 [34mINFO [0;39m - Header: {
  "Authorization" : [ "Basic YWRtaW46MTIzNA==" ],
  "Content-Type" : [ "application/x-www-form-urlencoded" ]
}
07-05-2025 16:02:57.577 [34mINFO [0;39m - Body: {
  "role" : [ "" ],
  "name" : [ "" ],
  "id" : [ "" ],
  "units" : [ null ],
  "department" : [ "" ]
}
07-05-2025 16:02:57.577 [34mINFO [0;39m - ============================================================================
07-05-2025 16:02:57.661 [34mINFO [0;39m - Response: 
07-05-2025 16:02:57.662 [34mINFO [0;39m - ======================= API OPERATION END -- INDEX: 1_1_0 =======================
07-05-2025 16:02:57.662 [34mINFO [0;39m - Loop: {%#FFCFB5.(response).body.$.[*]%} -------- index: 4
07-05-2025 16:02:57.662 [34mINFO [0;39m - ======================= API OPERATION START -- INDEX: 1_1_0 =======================
07-05-2025 16:02:57.662 [34mINFO [0;39m - Function: AddUser -- next function: 1_1_0 -- next operator: null -- index: 1_1_0
07-05-2025 16:02:57.665 [34mINFO [0;39m - Http Method: POST
07-05-2025 16:02:57.665 [34mINFO [0;39m - URL: "http://localhost:8085/api/json/user"
07-05-2025 16:02:57.666 [34mINFO [0;39m - Header: {
  "Authorization" : [ "Basic YWRtaW46MTIzNA==" ],
  "Content-Type" : [ "application/x-www-form-urlencoded" ]
}
07-05-2025 16:02:57.666 [34mINFO [0;39m - Body: {
  "role" : [ "" ],
  "name" : [ "" ],
  "id" : [ "" ],
  "units" : [ null ],
  "department" : [ "" ]
}
07-05-2025 16:02:57.666 [34mINFO [0;39m - ============================================================================
07-05-2025 16:02:57.806 [34mINFO [0;39m - Response: 
07-05-2025 16:02:57.806 [34mINFO [0;39m - ======================= API OPERATION END -- INDEX: 1_1_0 =======================
07-05-2025 16:02:57.806 [34mINFO [0;39m - Loop: {%#FFCFB5.(response).body.$.[*]%} -------- index: 5
07-05-2025 16:02:57.806 [34mINFO [0;39m - ======================= API OPERATION START -- INDEX: 1_1_0 =======================
07-05-2025 16:02:57.806 [34mINFO [0;39m - Function: AddUser -- next function: 1_1_0 -- next operator: null -- index: 1_1_0
07-05-2025 16:02:57.808 [34mINFO [0;39m - Http Method: POST
07-05-2025 16:02:57.810 [34mINFO [0;39m - URL: "http://localhost:8085/api/json/user"
07-05-2025 16:02:57.811 [34mINFO [0;39m - Header: {
  "Authorization" : [ "Basic YWRtaW46MTIzNA==" ],
  "Content-Type" : [ "application/x-www-form-urlencoded" ]
}
07-05-2025 16:02:57.811 [34mINFO [0;39m - Body: {
  "role" : [ "" ],
  "name" : [ "" ],
  "id" : [ "" ],
  "units" : [ null ],
  "department" : [ "" ]
}
07-05-2025 16:02:57.811 [34mINFO [0;39m - ============================================================================
07-05-2025 16:02:57.905 [34mINFO [0;39m - Response: 
07-05-2025 16:02:57.905 [34mINFO [0;39m - ======================= API OPERATION END -- INDEX: 1_1_0 =======================
07-05-2025 16:02:57.905 [34mINFO [0;39m - Loop: {%#FFCFB5.(response).body.$.[*]%} -------- index: 6
07-05-2025 16:02:57.905 [34mINFO [0;39m - ======================= API OPERATION START -- INDEX: 1_1_0 =======================
07-05-2025 16:02:57.905 [34mINFO [0;39m - Function: AddUser -- next function: 1_1_0 -- next operator: null -- index: 1_1_0
07-05-2025 16:02:57.906 [34mINFO [0;39m - Http Method: POST
07-05-2025 16:02:57.906 [34mINFO [0;39m - URL: "http://localhost:8085/api/json/user"
07-05-2025 16:02:57.908 [34mINFO [0;39m - Header: {
  "Authorization" : [ "Basic YWRtaW46MTIzNA==" ],
  "Content-Type" : [ "application/x-www-form-urlencoded" ]
}
07-05-2025 16:02:57.908 [34mINFO [0;39m - Body: {
  "role" : [ "" ],
  "name" : [ "" ],
  "id" : [ "" ],
  "units" : [ null ],
  "department" : [ "" ]
}
07-05-2025 16:02:57.908 [34mINFO [0;39m - ============================================================================
07-05-2025 16:02:57.998 [34mINFO [0;39m - Response: 
07-05-2025 16:02:57.998 [34mINFO [0;39m - ======================= API OPERATION END -- INDEX: 1_1_0 =======================
07-05-2025 16:02:57.998 [34mINFO [0;39m - Loop: {%#FFCFB5.(response).body.$.[*]%} -------- index: 7
07-05-2025 16:02:57.998 [34mINFO [0;39m - ======================= API OPERATION START -- INDEX: 1_1_0 =======================
07-05-2025 16:02:57.998 [34mINFO [0;39m - Function: AddUser -- next function: 1_1_0 -- next operator: null -- index: 1_1_0
07-05-2025 16:02:57.998 [34mINFO [0;39m - Http Method: POST
07-05-2025 16:02:57.999 [34mINFO [0;39m - URL: "http://localhost:8085/api/json/user"
07-05-2025 16:02:57.999 [34mINFO [0;39m - Header: {
  "Authorization" : [ "Basic YWRtaW46MTIzNA==" ],
  "Content-Type" : [ "application/x-www-form-urlencoded" ]
}
07-05-2025 16:02:57.999 [34mINFO [0;39m - Body: {
  "role" : [ "" ],
  "name" : [ "" ],
  "id" : [ "" ],
  "units" : [ null ],
  "department" : [ "" ]
}
07-05-2025 16:02:57.999 [34mINFO [0;39m - ============================================================================
07-05-2025 16:02:58.076 [34mINFO [0;39m - Response: 
07-05-2025 16:02:58.076 [34mINFO [0;39m - ======================= API OPERATION END -- INDEX: 1_1_0 =======================
07-05-2025 16:02:58.076 [34mINFO [0;39m - Loop: {%#FFCFB5.(response).body.$.[*]%} -------- index: 8
07-05-2025 16:02:58.076 [34mINFO [0;39m - ======================= API OPERATION START -- INDEX: 1_1_0 =======================
07-05-2025 16:02:58.076 [34mINFO [0;39m - Function: AddUser -- next function: 1_1_0 -- next operator: null -- index: 1_1_0
07-05-2025 16:02:58.076 [34mINFO [0;39m - Http Method: POST
07-05-2025 16:02:58.077 [34mINFO [0;39m - URL: "http://localhost:8085/api/json/user"
07-05-2025 16:02:58.077 [34mINFO [0;39m - Header: {
  "Authorization" : [ "Basic YWRtaW46MTIzNA==" ],
  "Content-Type" : [ "application/x-www-form-urlencoded" ]
}
07-05-2025 16:02:58.078 [34mINFO [0;39m - Body: {
  "role" : [ "" ],
  "name" : [ "" ],
  "id" : [ "" ],
  "units" : [ null ],
  "department" : [ "" ]
}
07-05-2025 16:02:58.078 [34mINFO [0;39m - ============================================================================
07-05-2025 16:02:58.171 [34mINFO [0;39m - Response: 
07-05-2025 16:02:58.171 [34mINFO [0;39m - ======================= API OPERATION END -- INDEX: 1_1_0 =======================
07-05-2025 16:02:58.171 [34mINFO [0;39m - Loop: {%#FFCFB5.(response).body.$.[*]%} -------- index: 9
07-05-2025 16:02:58.171 [34mINFO [0;39m - ======================= API OPERATION START -- INDEX: 1_1_0 =======================
07-05-2025 16:02:58.171 [34mINFO [0;39m - Function: AddUser -- next function: null -- next operator: null -- index: 1_1_0
07-05-2025 16:02:58.171 [34mINFO [0;39m - Http Method: POST
07-05-2025 16:02:58.171 [34mINFO [0;39m - URL: "http://localhost:8085/api/json/user"
07-05-2025 16:02:58.173 [34mINFO [0;39m - Header: {
  "Authorization" : [ "Basic YWRtaW46MTIzNA==" ],
  "Content-Type" : [ "application/x-www-form-urlencoded" ]
}
07-05-2025 16:02:58.174 [34mINFO [0;39m - Body: {
  "role" : [ "" ],
  "name" : [ "" ],
  "id" : [ "" ],
  "units" : [ null ],
  "department" : [ "" ]
}
07-05-2025 16:02:58.174 [34mINFO [0;39m - ============================================================================
07-05-2025 16:02:58.258 [34mINFO [0;39m - Response: 
07-05-2025 16:02:58.258 [34mINFO [0;39m - ======================= API OPERATION END -- INDEX: 1_1_0 =======================
07-05-2025 16:02:58.258 [34mINFO [0;39m - ============================================================================
07-05-2025 16:02:58.258 [34mINFO [0;39m - Operator: -- next function: 1_0 -- next operator: null -- type: loop -- index: 1_1
07-05-2025 16:02:58.258 [34mINFO [0;39m - ======================= for {%#FFCFB5.(response).body.$.[*]%} END -- INDEX: 1_1 =======================
07-05-2025 16:02:58.258 [34mINFO [0;39m - Loop: {%#FFCFB5.(response).body.$.[*]%} -------- index: 9
07-05-2025 16:02:58.258 [34mINFO [0;39m - ======================= API OPERATION START -- INDEX: 1_0 =======================
07-05-2025 16:02:58.258 [34mINFO [0;39m - Function: AddUser -- next function: null -- next operator: 1_1 -- index: 1_0
07-05-2025 16:02:58.258 [34mINFO [0;39m - Http Method: POST
07-05-2025 16:02:58.259 [34mINFO [0;39m - URL: "http://localhost:8085/api/json/user"
07-05-2025 16:02:58.260 [34mINFO [0;39m - Header: {
  "Authorization" : [ "Basic YWRtaW46MTIzNA==" ],
  "Content-Type" : [ "application/x-www-form-urlencoded" ]
}
07-05-2025 16:02:58.263 [34mINFO [0;39m - Body: {
  "role" : [ "" ],
  "name" : [ "" ],
  "id" : [ "" ],
  "units" : [ null ],
  "department" : [ "" ]
}
07-05-2025 16:02:58.264 [34mINFO [0;39m - ============================================================================
07-05-2025 16:02:58.348 [34mINFO [0;39m - Response: 
07-05-2025 16:02:58.348 [34mINFO [0;39m - ======================= API OPERATION END -- INDEX: 1_0 =======================
07-05-2025 16:02:58.350 [34mINFO [0;39m - ======================= FOR START -- INDEX: 1_1 =======================
07-05-2025 16:02:58.350 [34mINFO [0;39m - LOOP_OPERATOR_RESULT: NOT_EMPTY -- index: 1_1
07-05-2025 16:02:58.350 [34mINFO [0;39m - Loop: {%#FFCFB5.(response).body.$.[*]%} -------- index: 0
07-05-2025 16:02:58.350 [34mINFO [0;39m - ======================= API OPERATION START -- INDEX: 1_1_0 =======================
07-05-2025 16:02:58.350 [34mINFO [0;39m - Function: AddUser -- next function: 1_1_0 -- next operator: null -- index: 1_1_0
07-05-2025 16:02:58.351 [34mINFO [0;39m - Http Method: POST
07-05-2025 16:02:58.352 [34mINFO [0;39m - URL: "http://localhost:8085/api/json/user"
07-05-2025 16:02:58.352 [34mINFO [0;39m - Header: {
  "Authorization" : [ "Basic YWRtaW46MTIzNA==" ],
  "Content-Type" : [ "application/x-www-form-urlencoded" ]
}
07-05-2025 16:02:58.352 [34mINFO [0;39m - Body: {
  "role" : [ "" ],
  "name" : [ "" ],
  "id" : [ "" ],
  "units" : [ null ],
  "department" : [ "" ]
}
07-05-2025 16:02:58.352 [34mINFO [0;39m - ============================================================================
07-05-2025 16:02:58.433 [34mINFO [0;39m - Response: 
07-05-2025 16:02:58.433 [34mINFO [0;39m - ======================= API OPERATION END -- INDEX: 1_1_0 =======================
07-05-2025 16:02:58.433 [34mINFO [0;39m - Loop: {%#FFCFB5.(response).body.$.[*]%} -------- index: 1
07-05-2025 16:02:58.433 [34mINFO [0;39m - ======================= API OPERATION START -- INDEX: 1_1_0 =======================
07-05-2025 16:02:58.433 [34mINFO [0;39m - Function: AddUser -- next function: 1_1_0 -- next operator: null -- index: 1_1_0
07-05-2025 16:02:58.435 [34mINFO [0;39m - Http Method: POST
07-05-2025 16:02:58.436 [34mINFO [0;39m - URL: "http://localhost:8085/api/json/user"
07-05-2025 16:02:58.436 [34mINFO [0;39m - Header: {
  "Authorization" : [ "Basic YWRtaW46MTIzNA==" ],
  "Content-Type" : [ "application/x-www-form-urlencoded" ]
}
07-05-2025 16:02:58.437 [34mINFO [0;39m - Body: {
  "role" : [ "" ],
  "name" : [ "" ],
  "id" : [ "" ],
  "units" : [ null ],
  "department" : [ "" ]
}
07-05-2025 16:02:58.437 [34mINFO [0;39m - ============================================================================
07-05-2025 16:02:58.515 [34mINFO [0;39m - Response: 
07-05-2025 16:02:58.515 [34mINFO [0;39m - ======================= API OPERATION END -- INDEX: 1_1_0 =======================
07-05-2025 16:02:58.515 [34mINFO [0;39m - Loop: {%#FFCFB5.(response).body.$.[*]%} -------- index: 2
07-05-2025 16:02:58.515 [34mINFO [0;39m - ======================= API OPERATION START -- INDEX: 1_1_0 =======================
07-05-2025 16:02:58.515 [34mINFO [0;39m - Function: AddUser -- next function: 1_1_0 -- next operator: null -- index: 1_1_0
07-05-2025 16:02:58.517 [34mINFO [0;39m - Http Method: POST
07-05-2025 16:02:58.517 [34mINFO [0;39m - URL: "http://localhost:8085/api/json/user"
07-05-2025 16:02:58.518 [34mINFO [0;39m - Header: {
  "Authorization" : [ "Basic YWRtaW46MTIzNA==" ],
  "Content-Type" : [ "application/x-www-form-urlencoded" ]
}
07-05-2025 16:02:58.518 [34mINFO [0;39m - Body: {
  "role" : [ "" ],
  "name" : [ "" ],
  "id" : [ "" ],
  "units" : [ null ],
  "department" : [ "" ]
}
07-05-2025 16:02:58.518 [34mINFO [0;39m - ============================================================================
07-05-2025 16:02:58.589 [34mINFO [0;39m - Response: 
07-05-2025 16:02:58.589 [34mINFO [0;39m - ======================= API OPERATION END -- INDEX: 1_1_0 =======================
07-05-2025 16:02:58.589 [34mINFO [0;39m - Loop: {%#FFCFB5.(response).body.$.[*]%} -------- index: 3
07-05-2025 16:02:58.589 [34mINFO [0;39m - ======================= API OPERATION START -- INDEX: 1_1_0 =======================
07-05-2025 16:02:58.589 [34mINFO [0;39m - Function: AddUser -- next function: 1_1_0 -- next operator: null -- index: 1_1_0
07-05-2025 16:02:58.590 [34mINFO [0;39m - Http Method: POST
07-05-2025 16:02:58.591 [34mINFO [0;39m - URL: "http://localhost:8085/api/json/user"
07-05-2025 16:02:58.591 [34mINFO [0;39m - Header: {
  "Authorization" : [ "Basic YWRtaW46MTIzNA==" ],
  "Content-Type" : [ "application/x-www-form-urlencoded" ]
}
07-05-2025 16:02:58.591 [34mINFO [0;39m - Body: {
  "role" : [ "" ],
  "name" : [ "" ],
  "id" : [ "" ],
  "units" : [ null ],
  "department" : [ "" ]
}
07-05-2025 16:02:58.591 [34mINFO [0;39m - ============================================================================
07-05-2025 16:02:58.680 [34mINFO [0;39m - Response: 
07-05-2025 16:02:58.682 [34mINFO [0;39m - ======================= API OPERATION END -- INDEX: 1_1_0 =======================
07-05-2025 16:02:58.682 [34mINFO [0;39m - Loop: {%#FFCFB5.(response).body.$.[*]%} -------- index: 4
07-05-2025 16:02:58.682 [34mINFO [0;39m - ======================= API OPERATION START -- INDEX: 1_1_0 =======================
07-05-2025 16:02:58.682 [34mINFO [0;39m - Function: AddUser -- next function: 1_1_0 -- next operator: null -- index: 1_1_0
07-05-2025 16:02:58.682 [34mINFO [0;39m - Http Method: POST
07-05-2025 16:02:58.682 [34mINFO [0;39m - URL: "http://localhost:8085/api/json/user"
07-05-2025 16:02:58.683 [34mINFO [0;39m - Header: {
  "Authorization" : [ "Basic YWRtaW46MTIzNA==" ],
  "Content-Type" : [ "application/x-www-form-urlencoded" ]
}
07-05-2025 16:02:58.683 [34mINFO [0;39m - Body: {
  "role" : [ "" ],
  "name" : [ "" ],
  "id" : [ "" ],
  "units" : [ null ],
  "department" : [ "" ]
}
07-05-2025 16:02:58.683 [34mINFO [0;39m - ============================================================================
07-05-2025 16:02:58.769 [34mINFO [0;39m - Response: 
07-05-2025 16:02:58.769 [34mINFO [0;39m - ======================= API OPERATION END -- INDEX: 1_1_0 =======================
07-05-2025 16:02:58.769 [34mINFO [0;39m - Loop: {%#FFCFB5.(response).body.$.[*]%} -------- index: 5
07-05-2025 16:02:58.769 [34mINFO [0;39m - ======================= API OPERATION START -- INDEX: 1_1_0 =======================
07-05-2025 16:02:58.769 [34mINFO [0;39m - Function: AddUser -- next function: 1_1_0 -- next operator: null -- index: 1_1_0
07-05-2025 16:02:58.770 [34mINFO [0;39m - Http Method: POST
07-05-2025 16:02:58.771 [34mINFO [0;39m - URL: "http://localhost:8085/api/json/user"
07-05-2025 16:02:58.772 [34mINFO [0;39m - Header: {
  "Authorization" : [ "Basic YWRtaW46MTIzNA==" ],
  "Content-Type" : [ "application/x-www-form-urlencoded" ]
}
07-05-2025 16:02:58.772 [34mINFO [0;39m - Body: {
  "role" : [ "" ],
  "name" : [ "" ],
  "id" : [ "" ],
  "units" : [ null ],
  "department" : [ "" ]
}
07-05-2025 16:02:58.772 [34mINFO [0;39m - ============================================================================
07-05-2025 16:02:59.010 [34mINFO [0;39m - Response: 
07-05-2025 16:02:59.010 [34mINFO [0;39m - ======================= API OPERATION END -- INDEX: 1_1_0 =======================
07-05-2025 16:02:59.010 [34mINFO [0;39m - Loop: {%#FFCFB5.(response).body.$.[*]%} -------- index: 6
07-05-2025 16:02:59.010 [34mINFO [0;39m - ======================= API OPERATION START -- INDEX: 1_1_0 =======================
07-05-2025 16:02:59.010 [34mINFO [0;39m - Function: AddUser -- next function: 1_1_0 -- next operator: null -- index: 1_1_0
07-05-2025 16:02:59.012 [34mINFO [0;39m - Http Method: POST
07-05-2025 16:02:59.013 [34mINFO [0;39m - URL: "http://localhost:8085/api/json/user"
07-05-2025 16:02:59.016 [34mINFO [0;39m - Header: {
  "Authorization" : [ "Basic YWRtaW46MTIzNA==" ],
  "Content-Type" : [ "application/x-www-form-urlencoded" ]
}
07-05-2025 16:02:59.016 [34mINFO [0;39m - Body: {
  "role" : [ "" ],
  "name" : [ "" ],
  "id" : [ "" ],
  "units" : [ null ],
  "department" : [ "" ]
}
07-05-2025 16:02:59.016 [34mINFO [0;39m - ============================================================================
07-05-2025 16:02:59.133 [34mINFO [0;39m - Response: 
07-05-2025 16:02:59.133 [34mINFO [0;39m - ======================= API OPERATION END -- INDEX: 1_1_0 =======================
07-05-2025 16:02:59.133 [34mINFO [0;39m - Loop: {%#FFCFB5.(response).body.$.[*]%} -------- index: 7
07-05-2025 16:02:59.133 [34mINFO [0;39m - ======================= API OPERATION START -- INDEX: 1_1_0 =======================
07-05-2025 16:02:59.133 [34mINFO [0;39m - Function: AddUser -- next function: 1_1_0 -- next operator: null -- index: 1_1_0
07-05-2025 16:02:59.134 [34mINFO [0;39m - Http Method: POST
07-05-2025 16:02:59.134 [34mINFO [0;39m - URL: "http://localhost:8085/api/json/user"
07-05-2025 16:02:59.136 [34mINFO [0;39m - Header: {
  "Authorization" : [ "Basic YWRtaW46MTIzNA==" ],
  "Content-Type" : [ "application/x-www-form-urlencoded" ]
}
07-05-2025 16:02:59.136 [34mINFO [0;39m - Body: {
  "role" : [ "" ],
  "name" : [ "" ],
  "id" : [ "" ],
  "units" : [ null ],
  "department" : [ "" ]
}
07-05-2025 16:02:59.136 [34mINFO [0;39m - ============================================================================
07-05-2025 16:02:59.244 [34mINFO [0;39m - Response: 
07-05-2025 16:02:59.245 [34mINFO [0;39m - ======================= API OPERATION END -- INDEX: 1_1_0 =======================
07-05-2025 16:02:59.245 [34mINFO [0;39m - Loop: {%#FFCFB5.(response).body.$.[*]%} -------- index: 8
07-05-2025 16:02:59.245 [34mINFO [0;39m - ======================= API OPERATION START -- INDEX: 1_1_0 =======================
07-05-2025 16:02:59.245 [34mINFO [0;39m - Function: AddUser -- next function: 1_1_0 -- next operator: null -- index: 1_1_0
07-05-2025 16:02:59.246 [34mINFO [0;39m - Http Method: POST
07-05-2025 16:02:59.246 [34mINFO [0;39m - URL: "http://localhost:8085/api/json/user"
07-05-2025 16:02:59.249 [34mINFO [0;39m - Header: {
  "Authorization" : [ "Basic YWRtaW46MTIzNA==" ],
  "Content-Type" : [ "application/x-www-form-urlencoded" ]
}
07-05-2025 16:02:59.249 [34mINFO [0;39m - Body: {
  "role" : [ "" ],
  "name" : [ "" ],
  "id" : [ "" ],
  "units" : [ null ],
  "department" : [ "" ]
}
07-05-2025 16:02:59.249 [34mINFO [0;39m - ============================================================================
07-05-2025 16:02:59.335 [34mINFO [0;39m - Response: 
07-05-2025 16:02:59.335 [34mINFO [0;39m - ======================= API OPERATION END -- INDEX: 1_1_0 =======================
07-05-2025 16:02:59.335 [34mINFO [0;39m - Loop: {%#FFCFB5.(response).body.$.[*]%} -------- index: 9
07-05-2025 16:02:59.335 [34mINFO [0;39m - ======================= API OPERATION START -- INDEX: 1_1_0 =======================
07-05-2025 16:02:59.335 [34mINFO [0;39m - Function: AddUser -- next function: null -- next operator: null -- index: 1_1_0
07-05-2025 16:02:59.335 [34mINFO [0;39m - Http Method: POST
07-05-2025 16:02:59.336 [34mINFO [0;39m - URL: "http://localhost:8085/api/json/user"
07-05-2025 16:02:59.338 [34mINFO [0;39m - Header: {
  "Authorization" : [ "Basic YWRtaW46MTIzNA==" ],
  "Content-Type" : [ "application/x-www-form-urlencoded" ]
}
07-05-2025 16:02:59.338 [34mINFO [0;39m - Body: {
  "role" : [ "" ],
  "name" : [ "" ],
  "id" : [ "" ],
  "units" : [ null ],
  "department" : [ "" ]
}
07-05-2025 16:02:59.338 [34mINFO [0;39m - ============================================================================
07-05-2025 16:02:59.414 [34mINFO [0;39m - Response: 
07-05-2025 16:02:59.414 [34mINFO [0;39m - ======================= API OPERATION END -- INDEX: 1_1_0 =======================
07-05-2025 16:02:59.414 [34mINFO [0;39m - ============================================================================
07-05-2025 16:02:59.414 [34mINFO [0;39m - Operator: -- next function: null -- next operator: null -- type: loop -- index: 1_1
07-05-2025 16:02:59.414 [34mINFO [0;39m - ======================= for {%#FFCFB5.(response).body.$.[*]%} END -- INDEX: 1_1 =======================
07-05-2025 16:02:59.414 [34mINFO [0;39m - ============================================================================
07-05-2025 16:02:59.414 [34mINFO [0;39m - Operator: -- next function: null -- next operator: null -- type: loop -- index: 1
07-05-2025 16:02:59.414 [34mINFO [0;39m - ======================= for {%#FFCFB5.(response).body.$.[*]%} END -- INDEX: 1 =======================
